filename,predicted_class,confidence
cell_r0_c1_blob_1_word_1_char_00_1.png,1,0.9638
cell_r0_c1_blob_1_word_1_char_00_2.png,1,0.954
cell_r0_c1_blob_1_word_1_char_01.png,3,0.8782
cell_r0_c1_blob_1_word_1_char_02.png,6,0.9457
cell_r0_c1_blob_1_word_1_char_03.png,6,0.8276
cell_r0_c1_blob_1_word_1_char_03_1.png,1,0.9636
cell_r0_c1_blob_1_word_1_char_03_2.png,6,0.7626
cell_r0_c1_blob_1_word_1_char_04.png,6,0.9737
cell_r0_c1_blob_1_word_1_char_05.png,9,0.959
cell_r0_c1_blob_1_word_1_char_06.png,6,0.6073
cell_r0_c1_blob_1_word_1_char_07_1.png,5,0.542
cell_r0_c1_blob_1_word_1_char_07_2.png,6,0.6092
cell_r0_c1_blob_1_word_1_char_07_3.png,5,0.9837
cell_r0_c1_blob_1_word_1_char_08.png,8,0.8018
cell_r0_c1_blob_1_word_1_char_09.png,6,0.7567
cell_r0_c1_blob_1_word_1_char_10.png,6,0.8124
cell_r0_c1_blob_1_word_1_char_11.png,6,0.9599
cell_r0_c1_blob_1_word_2_char_00_1.png,8,0.4201
cell_r0_c1_blob_1_word_2_char_00_2.png,3,0.9012
cell_r0_c1_blob_1_word_2_char_01.png,6,0.8365
cell_r0_c1_blob_1_word_2_char_02_1.png,0,0.7588
cell_r0_c1_blob_1_word_2_char_02_2.png,5,0.8273
cell_r0_c1_blob_1_word_2_char_03.png,7,0.8746
cell_r0_c2_blob_1_word_1_char_00.png,6,0.9511
cell_r0_c2_blob_1_word_1_char_01_1.png,7,0.9939
cell_r0_c2_blob_1_word_1_char_01_2.png,1,0.9083
cell_r0_c2_blob_1_word_2_char_00_1.png,1,0.7936
cell_r0_c2_blob_1_word_2_char_00_2.png,1,0.9985
cell_r0_c2_blob_1_word_2_char_01.png,3,0.9542
cell_r0_c2_blob_1_word_3_char_00_1.png,1,0.964
cell_r0_c2_blob_1_word_3_char_00_2.png,6,0.6507
cell_r0_c2_blob_1_word_3_char_01.png,8,0.4051
cell_r0_c2_blob_1_word_3_char_02.png,1,0.9996
cell_r0_c2_blob_1_word_3_char_03_1.png,6,0.4247
cell_r0_c2_blob_1_word_3_char_03_2.png,9,0.4824
cell_r0_c2_blob_1_word_3_char_04_1.png,0,0.5266
cell_r0_c2_blob_1_word_3_char_04_2.png,6,0.9756
cell_r0_c2_blob_1_word_3_char_05.png,6,0.7306
cell_r0_c2_blob_1_word_3_char_05_1.png,7,0.7351
cell_r0_c2_blob_1_word_3_char_05_2.png,1,0.7998
cell_r0_c2_blob_1_word_3_char_06.png,6,0.7284
cell_r0_c4_blob_1_word_10_char_00.png,6,0.921
cell_r0_c4_blob_1_word_10_char_01.png,6,0.9985
cell_r0_c4_blob_1_word_10_char_01_1.png,6,0.9571
cell_r0_c4_blob_1_word_10_char_01_2.png,6,0.4911
cell_r0_c4_blob_1_word_10_char_02.png,1,0.5279
cell_r0_c4_blob_1_word_10_char_02_1.png,6,0.8511
cell_r0_c4_blob_1_word_10_char_02_2.png,5,0.9997
cell_r0_c4_blob_1_word_10_char_03_1.png,6,0.8384
cell_r0_c4_blob_1_word_10_char_03_2.png,5,0.9998
cell_r0_c4_blob_1_word_10_char_04.png,0,0.9823
cell_r0_c4_blob_1_word_10_char_05.png,7,0.9422
cell_r0_c4_blob_1_word_11_char_00_1.png,6,0.9626
cell_r0_c4_blob_1_word_11_char_00_2.png,6,0.7103
cell_r0_c4_blob_1_word_11_char_00_3.png,6,0.9507
cell_r0_c4_blob_1_word_11_char_01_1.png,7,0.8683
cell_r0_c4_blob_1_word_11_char_01_2.png,1,0.9922
cell_r0_c4_blob_1_word_11_char_02_1.png,6,0.4911
cell_r0_c4_blob_1_word_11_char_02_2.png,8,0.3656
cell_r0_c4_blob_1_word_11_char_03.png,6,0.996
cell_r0_c4_blob_1_word_11_char_04_1.png,6,0.9694
cell_r0_c4_blob_1_word_11_char_04_2.png,4,0.9856
cell_r0_c4_blob_1_word_11_char_05.png,8,0.4535
cell_r0_c4_blob_1_word_11_char_06_1.png,1,0.6125
cell_r0_c4_blob_1_word_11_char_06_2.png,6,0.5167
cell_r0_c4_blob_1_word_11_char_07_1.png,6,0.8607
cell_r0_c4_blob_1_word_11_char_07_2.png,6,0.7449
cell_r0_c4_blob_1_word_12_char_00_1.png,6,0.9278
cell_r0_c4_blob_1_word_12_char_00_2.png,0,0.7877
cell_r0_c4_blob_1_word_12_char_00_3.png,0,0.8706
cell_r0_c4_blob_1_word_12_char_00_3_1.png,6,0.9847
cell_r0_c4_blob_1_word_12_char_00_3_2.png,7,0.9999
cell_r0_c4_blob_1_word_12_char_01.png,1,0.9764
cell_r0_c4_blob_1_word_12_char_02_1.png,0,0.908
cell_r0_c4_blob_1_word_12_char_02_2.png,6,0.9832
cell_r0_c4_blob_1_word_12_char_03_1.png,6,0.7197
cell_r0_c4_blob_1_word_12_char_03_2.png,6,0.7481
cell_r0_c4_blob_1_word_12_char_03_3.png,9,0.7414
cell_r0_c4_blob_1_word_12_char_04.png,6,0.876
cell_r0_c4_blob_1_word_12_char_05.png,6,0.6429
cell_r0_c4_blob_1_word_13_char_00.png,0,0.6151
cell_r0_c4_blob_1_word_14_char_00.png,6,0.9089
cell_r0_c4_blob_1_word_14_char_01.png,8,0.4085
cell_r0_c4_blob_1_word_14_char_02_1.png,3,0.9023
cell_r0_c4_blob_1_word_14_char_02_2.png,6,0.7072
cell_r0_c4_blob_1_word_14_char_03.png,5,0.6235
cell_r0_c4_blob_1_word_14_char_04_1.png,6,0.5102
cell_r0_c4_blob_1_word_14_char_04_2.png,6,0.8176
cell_r0_c4_blob_1_word_14_char_04_3.png,1,0.9994
cell_r0_c4_blob_1_word_14_char_05.png,6,0.703
cell_r0_c4_blob_1_word_14_char_06_1.png,6,0.9641
cell_r0_c4_blob_1_word_14_char_06_2.png,6,0.9988
cell_r0_c4_blob_1_word_14_char_07.png,6,0.9945
cell_r0_c4_blob_1_word_14_char_08_1.png,7,0.9624
cell_r0_c4_blob_1_word_14_char_08_2.png,6,0.8999
cell_r0_c4_blob_1_word_14_char_09.png,1,0.9996
cell_r0_c4_blob_1_word_14_char_10.png,6,0.6857
cell_r0_c4_blob_1_word_14_char_11_1.png,1,0.4286
cell_r0_c4_blob_1_word_14_char_11_2.png,3,0.8651
cell_r0_c4_blob_1_word_14_char_11_3.png,4,0.9496
cell_r0_c4_blob_1_word_14_char_12.png,1,0.8301
cell_r0_c4_blob_1_word_14_char_13.png,7,0.9984
cell_r0_c4_blob_1_word_14_char_14.png,9,0.7267
cell_r0_c4_blob_1_word_14_char_15_1.png,0,0.9762
cell_r0_c4_blob_1_word_14_char_15_2.png,0,0.9677
cell_r0_c4_blob_1_word_14_char_16.png,3,0.9161
cell_r0_c4_blob_1_word_15_char_00_1.png,8,0.6258
cell_r0_c4_blob_1_word_15_char_00_2.png,6,0.9984
cell_r0_c4_blob_1_word_15_char_01_1.png,6,0.6527
cell_r0_c4_blob_1_word_15_char_01_2.png,6,0.9955
cell_r0_c4_blob_1_word_15_char_01_2_1.png,6,0.7951
cell_r0_c4_blob_1_word_15_char_01_2_2.png,6,0.9736
cell_r0_c4_blob_1_word_15_char_02.png,8,0.7278
cell_r0_c4_blob_1_word_15_char_03.png,7,0.5377
cell_r0_c4_blob_1_word_15_char_04_1.png,6,0.9991
cell_r0_c4_blob_1_word_15_char_04_2.png,6,0.9734
cell_r0_c4_blob_1_word_15_char_04_3.png,0,0.8848
cell_r0_c4_blob_1_word_16_char_00.png,7,0.6006
cell_r0_c4_blob_1_word_16_char_01.png,7,0.9553
cell_r0_c4_blob_1_word_16_char_02.png,1,0.9996
cell_r0_c4_blob_1_word_16_char_03_1.png,7,0.6277
cell_r0_c4_blob_1_word_16_char_03_2.png,8,0.5142
cell_r0_c4_blob_1_word_17_char_00.png,6,0.9933
cell_r0_c4_blob_1_word_17_char_01.png,6,0.9346
cell_r0_c4_blob_1_word_17_char_02.png,6,0.9298
cell_r0_c4_blob_1_word_18_char_00.png,0,1.0
cell_r0_c4_blob_1_word_18_char_01.png,1,1.0
cell_r0_c4_blob_1_word_18_char_02.png,1,0.9904
cell_r0_c4_blob_1_word_19_char_00.png,1,0.995
cell_r0_c4_blob_1_word_19_char_01.png,6,0.8805
cell_r0_c4_blob_1_word_19_char_02.png,4,0.9832
cell_r0_c4_blob_1_word_1_char_00.png,6,0.6134
cell_r0_c4_blob_1_word_1_char_01.png,9,0.8603
cell_r0_c4_blob_1_word_1_char_02.png,6,0.9893
cell_r0_c4_blob_1_word_1_char_03_1.png,5,0.322
cell_r0_c4_blob_1_word_1_char_03_2.png,9,0.7178
cell_r0_c4_blob_1_word_1_char_04.png,1,0.8631
cell_r0_c4_blob_1_word_20_char_00_1.png,6,0.8806
cell_r0_c4_blob_1_word_20_char_00_2.png,1,0.9304
cell_r0_c4_blob_1_word_20_char_00_3.png,0,0.9973
cell_r0_c4_blob_1_word_20_char_01.png,6,0.9671
cell_r0_c4_blob_1_word_20_char_02_1.png,2,0.935
cell_r0_c4_blob_1_word_20_char_02_2.png,0,0.8455
cell_r0_c4_blob_1_word_20_char_02_3.png,2,0.5418
cell_r0_c4_blob_1_word_21_char_00.png,4,0.9737
cell_r0_c4_blob_1_word_21_char_00_1.png,2,0.9372
cell_r0_c4_blob_1_word_21_char_00_2.png,0,0.7995
cell_r0_c4_blob_1_word_21_char_00_3_1.png,6,0.8237
cell_r0_c4_blob_1_word_21_char_00_3_2.png,2,0.997
cell_r0_c4_blob_1_word_21_char_01.png,1,0.9179
cell_r0_c4_blob_1_word_21_char_02_1.png,4,0.5961
cell_r0_c4_blob_1_word_21_char_02_2.png,4,0.9862
cell_r0_c4_blob_1_word_21_char_03.png,7,0.9498
cell_r0_c4_blob_1_word_21_char_04.png,1,0.9999
cell_r0_c4_blob_1_word_21_char_05_1.png,0,0.9516
cell_r0_c4_blob_1_word_21_char_05_2.png,0,0.6717
cell_r0_c4_blob_1_word_21_char_06_1.png,0,0.9273
cell_r0_c4_blob_1_word_21_char_06_2.png,4,0.661
cell_r0_c4_blob_1_word_21_char_06_3.png,4,0.5708
cell_r0_c4_blob_1_word_21_char_07.png,1,0.8398
cell_r0_c4_blob_1_word_21_char_08.png,6,0.6071
cell_r0_c4_blob_1_word_21_char_09_1.png,4,0.931
cell_r0_c4_blob_1_word_21_char_09_2.png,1,0.5185
cell_r0_c4_blob_1_word_21_char_10_1.png,0,0.9701
cell_r0_c4_blob_1_word_21_char_10_2.png,6,0.9992
cell_r0_c4_blob_1_word_21_char_10_3.png,0,0.6372
cell_r0_c4_blob_1_word_21_char_11.png,6,0.9785
cell_r0_c4_blob_1_word_21_char_12.png,6,0.3548
cell_r0_c4_blob_1_word_21_char_13.png,0,0.6534
cell_r0_c4_blob_1_word_21_char_14.png,7,0.9796
cell_r0_c4_blob_1_word_21_char_15.png,6,0.8641
cell_r0_c4_blob_1_word_22_char_00.png,1,0.9968
cell_r0_c4_blob_1_word_22_char_01.png,1,0.9821
cell_r0_c4_blob_1_word_22_char_02.png,9,0.844
cell_r0_c4_blob_1_word_22_char_02_1.png,6,0.9941
cell_r0_c4_blob_1_word_22_char_02_2.png,6,0.9375
cell_r0_c4_blob_1_word_22_char_03.png,1,0.9999
cell_r0_c4_blob_1_word_22_char_04_1.png,0,0.9493
cell_r0_c4_blob_1_word_22_char_04_2_1.png,6,0.8703
cell_r0_c4_blob_1_word_22_char_04_2_2.png,7,0.5103
cell_r0_c4_blob_1_word_22_char_05_1_1.png,6,0.7215
cell_r0_c4_blob_1_word_22_char_05_1_2.png,1,0.4956
cell_r0_c4_blob_1_word_22_char_05_2_1.png,4,0.8579
cell_r0_c4_blob_1_word_22_char_05_2_2.png,6,0.958
cell_r0_c4_blob_1_word_22_char_05_3.png,4,0.583
cell_r0_c4_blob_1_word_22_char_06.png,1,0.6203
cell_r0_c4_blob_1_word_22_char_07.png,6,0.4875
cell_r0_c4_blob_1_word_22_char_08_1.png,4,0.93
cell_r0_c4_blob_1_word_22_char_08_2.png,1,0.4554
cell_r0_c4_blob_1_word_22_char_09_1.png,0,0.9664
cell_r0_c4_blob_1_word_22_char_09_2_1.png,6,0.6334
cell_r0_c4_blob_1_word_22_char_09_2_2.png,1,0.6849
cell_r0_c4_blob_1_word_22_char_09_3_1.png,4,0.9872
cell_r0_c4_blob_1_word_22_char_09_3_2.png,4,0.3898
cell_r0_c4_blob_1_word_22_char_10.png,6,0.9813
cell_r0_c4_blob_1_word_22_char_11.png,7,0.4775
cell_r0_c4_blob_1_word_22_char_12.png,0,0.999
cell_r0_c4_blob_1_word_22_char_13.png,7,0.9832
cell_r0_c4_blob_1_word_22_char_14.png,6,0.8779
cell_r0_c4_blob_1_word_23_char_00.png,2,0.9935
cell_r0_c4_blob_1_word_23_char_01.png,0,0.9998
cell_r0_c4_blob_1_word_23_char_02_1.png,2,0.9999
cell_r0_c4_blob_1_word_23_char_02_2.png,2,0.9937
cell_r0_c4_blob_1_word_24_char_00.png,7,0.9926
cell_r0_c4_blob_1_word_24_char_01_1.png,2,1.0
cell_r0_c4_blob_1_word_24_char_01_2.png,8,0.773
cell_r0_c4_blob_1_word_24_char_01_3.png,2,0.9997
cell_r0_c4_blob_1_word_24_char_02.png,4,0.494
cell_r0_c4_blob_1_word_24_char_02_1.png,2,0.9999
cell_r0_c4_blob_1_word_24_char_02_2.png,2,0.9942
cell_r0_c4_blob_1_word_25_char_00.png,1,0.9851
cell_r0_c4_blob_1_word_25_char_01.png,7,0.8921
cell_r0_c4_blob_1_word_25_char_01_1.png,2,1.0
cell_r0_c4_blob_1_word_25_char_01_2.png,8,0.7635
cell_r0_c4_blob_1_word_25_char_01_3.png,2,0.9996
cell_r0_c4_blob_1_word_25_char_02.png,7,0.8286
cell_r0_c4_blob_1_word_26_char_00.png,1,0.9812
cell_r0_c4_blob_1_word_26_char_01.png,7,0.9087
cell_r0_c4_blob_1_word_26_char_02.png,7,0.8153
cell_r0_c4_blob_1_word_2_char_00_1.png,6,0.7237
cell_r0_c4_blob_1_word_2_char_00_2.png,7,0.9944
cell_r0_c4_blob_1_word_2_char_01.png,7,0.9242
cell_r0_c4_blob_1_word_2_char_02_1.png,1,0.8366
cell_r0_c4_blob_1_word_2_char_02_2.png,1,0.8842
cell_r0_c4_blob_1_word_2_char_03_1.png,1,0.9662
cell_r0_c4_blob_1_word_2_char_03_2.png,6,0.8401
cell_r0_c4_blob_1_word_2_char_04.png,6,0.3597
cell_r0_c4_blob_1_word_2_char_05_1.png,4,0.6267
cell_r0_c4_blob_1_word_2_char_05_2.png,3,0.614
cell_r0_c4_blob_1_word_2_char_05_3.png,6,0.9928
cell_r0_c4_blob_1_word_2_char_06.png,6,0.8042
cell_r0_c4_blob_1_word_2_char_06_1.png,4,0.6469
cell_r0_c4_blob_1_word_2_char_06_2.png,3,0.6627
cell_r0_c4_blob_1_word_2_char_06_3.png,6,0.9932
cell_r0_c4_blob_1_word_2_char_07.png,6,0.9643
cell_r0_c4_blob_1_word_2_char_08.png,6,0.9671
cell_r0_c4_blob_1_word_3_char_00_1.png,6,0.4987
cell_r0_c4_blob_1_word_3_char_00_2.png,5,0.7211
cell_r0_c4_blob_1_word_3_char_01.png,0,1.0
cell_r0_c4_blob_1_word_3_char_02.png,6,0.5949
cell_r0_c4_blob_1_word_3_char_03.png,6,0.5902
cell_r0_c4_blob_1_word_4_char_00.png,2,0.9644
cell_r0_c4_blob_1_word_4_char_01.png,9,0.8606
cell_r0_c4_blob_1_word_4_char_02.png,0,0.5771
cell_r0_c4_blob_1_word_4_char_03.png,3,0.5778
cell_r0_c4_blob_1_word_4_char_04_1.png,6,0.7517
cell_r0_c4_blob_1_word_4_char_04_2.png,6,0.9806
cell_r0_c4_blob_1_word_4_char_05_1.png,6,0.8888
cell_r0_c4_blob_1_word_4_char_05_2.png,9,0.8899
cell_r0_c4_blob_1_word_4_char_05_3.png,6,0.5502
cell_r0_c4_blob_1_word_5_char_00.png,7,0.8419
cell_r0_c4_blob_1_word_5_char_01.png,1,0.5501
cell_r0_c4_blob_1_word_5_char_02_1.png,5,0.9442
cell_r0_c4_blob_1_word_5_char_02_2.png,7,0.9712
cell_r0_c4_blob_1_word_5_char_03.png,1,0.9999
cell_r0_c4_blob_1_word_5_char_04.png,0,0.9518
cell_r0_c4_blob_1_word_5_char_05.png,7,0.9349
cell_r0_c4_blob_1_word_6_char_00.png,6,0.8536
cell_r0_c4_blob_1_word_6_char_01.png,6,0.8908
cell_r0_c4_blob_1_word_6_char_02.png,1,0.9494
cell_r0_c4_blob_1_word_7_char_00.png,1,0.9963
cell_r0_c4_blob_1_word_7_char_01.png,1,0.9924
cell_r0_c4_blob_1_word_7_char_02.png,6,0.9949
cell_r0_c4_blob_1_word_7_char_03_1.png,1,0.9939
cell_r0_c4_blob_1_word_7_char_03_2.png,4,0.7864
cell_r0_c4_blob_1_word_7_char_04_1.png,6,0.5329
cell_r0_c4_blob_1_word_7_char_04_2.png,1,0.9902
cell_r0_c4_blob_1_word_7_char_05.png,0,0.5986
cell_r0_c4_blob_1_word_7_char_06_1.png,6,0.9706
cell_r0_c4_blob_1_word_7_char_06_2.png,7,0.7142
cell_r0_c4_blob_1_word_8_char_00_1.png,1,0.9995
cell_r0_c4_blob_1_word_8_char_00_2.png,6,0.6381
cell_r0_c4_blob_1_word_9_char_00.png,6,0.994
cell_r0_c4_blob_1_word_9_char_01_1.png,1,0.9753
cell_r0_c4_blob_1_word_9_char_01_2.png,1,0.4972
cell_r0_c4_blob_1_word_9_char_02_1.png,0,0.9359
cell_r0_c4_blob_1_word_9_char_02_2.png,6,0.8727
cell_r10_c0_blob_1_word_1_char_00.png,3,0.9975
cell_r10_c0_blob_1_word_1_char_01.png,7,0.9585
cell_r10_c10_blob_1_word_1_char_00.png,7,0.9595
cell_r10_c10_blob_1_word_1_char_01.png,2,0.9754
cell_r10_c10_blob_1_word_2_char_00.png,2,0.7661
cell_r10_c10_blob_1_word_2_char_01.png,8,0.7589
cell_r10_c10_blob_1_word_2_char_02.png,3,0.9357
cell_r10_c10_blob_1_word_3_char_00.png,7,0.9463
cell_r10_c10_blob_1_word_3_char_01.png,1,0.967
cell_r10_c10_blob_1_word_4_char_00.png,0,0.9983
cell_r10_c13_blob_1_word_1_char_00.png,2,1.0
cell_r10_c14_blob_1_word_1_char_00.png,2,0.4752
cell_r10_c14_blob_1_word_1_char_01.png,2,0.9267
cell_r10_c14_blob_1_word_1_char_02.png,1,0.9318
cell_r10_c14_blob_1_word_2_char_00.png,3,0.9994
cell_r10_c14_blob_1_word_2_char_01.png,3,0.9935
cell_r10_c14_blob_1_word_3_char_00.png,7,0.9858
cell_r10_c14_blob_1_word_3_char_01.png,3,0.9815
cell_r10_c14_blob_1_word_3_char_02.png,9,1.0
cell_r10_c15_blob_1_word_1_char_00.png,7,0.9953
cell_r10_c15_blob_1_word_1_char_01.png,7,0.9974
cell_r10_c15_blob_1_word_1_char_02_1.png,7,0.9921
cell_r10_c15_blob_1_word_1_char_02_2.png,7,0.9913
cell_r10_c15_blob_1_word_1_char_02_3.png,7,0.997
cell_r10_c15_blob_1_word_2_char_00.png,5,0.5621
cell_r10_c15_blob_1_word_2_char_01.png,6,0.9083
cell_r10_c15_blob_1_word_2_char_02.png,7,0.8361
cell_r10_c15_blob_1_word_2_char_03.png,2,0.9827
cell_r10_c15_blob_1_word_3_char_00.png,6,0.6651
cell_r10_c15_blob_1_word_3_char_01.png,5,0.9806
cell_r10_c15_blob_1_word_3_char_02.png,2,0.9996
cell_r10_c15_blob_1_word_3_char_03.png,7,0.6282
cell_r10_c15_blob_1_word_3_char_04.png,6,0.9865
cell_r10_c18_blob_1_word_1_char_00.png,1,0.8535
cell_r10_c18_blob_1_word_1_char_01.png,0,0.999
cell_r10_c18_blob_1_word_2_char_00.png,6,0.9999
cell_r10_c18_blob_1_word_2_char_01.png,4,0.9956
cell_r10_c18_blob_1_word_2_char_02.png,3,0.5465
cell_r10_c18_blob_1_word_3_char_00.png,7,1.0
cell_r10_c18_blob_1_word_3_char_01.png,8,0.8426
cell_r10_c18_blob_1_word_3_char_02.png,2,0.9979
cell_r10_c18_blob_1_word_4_char_00.png,5,0.9869
cell_r10_c18_blob_1_word_4_char_01.png,1,0.9947
cell_r10_c18_blob_1_word_4_char_02.png,1,0.9999
cell_r10_c4_blob_1_word_1_char_00.png,6,0.9437
cell_r10_c4_blob_1_word_1_char_01_1.png,7,0.5902
cell_r10_c4_blob_1_word_1_char_01_2.png,7,0.7866
cell_r10_c4_blob_1_word_1_char_02.png,6,0.9912
cell_r10_c4_blob_1_word_1_char_03.png,7,0.8354
cell_r10_c6_blob_1_word_1_char_00.png,1,1.0
cell_r10_c6_blob_1_word_2_char_00.png,6,0.7176
cell_r10_c6_blob_1_word_2_char_01.png,1,0.9816
cell_r10_c6_blob_1_word_2_char_02.png,4,0.943
cell_r10_c6_blob_1_word_2_char_03.png,3,0.9937
cell_r10_c6_blob_1_word_2_char_04.png,2,0.5872
cell_r10_c6_blob_1_word_2_char_05.png,8,0.6813
cell_r10_c6_blob_1_word_2_char_06.png,2,0.9934
cell_r10_c6_blob_1_word_2_char_07.png,1,0.95
cell_r10_c6_blob_1_word_2_char_08.png,1,0.9927
cell_r10_c7_blob_1_word_1_char_00.png,0,0.9997
cell_r10_c7_blob_1_word_1_char_01.png,7,0.9687
cell_r10_c7_blob_1_word_1_char_02.png,2,0.984
cell_r10_c7_blob_1_word_1_char_03.png,0,0.9986
cell_r10_c9_blob_1_word_1_char_00.png,3,0.8716
cell_r11_c0_blob_1_word_1_char_00.png,2,0.9985
cell_r11_c0_blob_1_word_1_char_01.png,2,1.0
cell_r11_c10_blob_1_word_1_char_00.png,1,0.8144
cell_r11_c10_blob_1_word_2_char_00.png,7,0.9999
cell_r11_c10_blob_1_word_3_char_00.png,2,1.0
cell_r11_c10_blob_1_word_4_char_00_1.png,2,1.0
cell_r11_c10_blob_1_word_4_char_00_2.png,5,0.9887
cell_r11_c10_blob_1_word_4_char_01.png,1,1.0
cell_r11_c10_blob_1_word_5_char_00.png,7,0.6752
cell_r11_c10_blob_1_word_5_char_01.png,1,0.8484
cell_r11_c10_blob_1_word_6_char_00.png,0,0.9979
cell_r11_c11_blob_1_word_1_char_00.png,0,0.6807
cell_r11_c11_blob_1_word_1_char_01.png,1,0.9969
cell_r11_c11_blob_1_word_1_char_02.png,0,0.9993
cell_r11_c12_blob_1_word_1_char_00.png,7,0.8376
cell_r11_c12_blob_1_word_1_char_01.png,0,0.9989
cell_r11_c12_blob_1_word_2_char_00.png,6,0.9873
cell_r11_c12_blob_1_word_2_char_01.png,6,0.9914
cell_r11_c13_blob_1_word_1_char_00.png,1,0.9989
cell_r11_c14_blob_1_word_1_char_00.png,3,0.9988
cell_r11_c14_blob_1_word_2_char_00.png,7,0.4405
cell_r11_c14_blob_1_word_2_char_01.png,3,1.0
cell_r11_c14_blob_1_word_2_char_02.png,4,0.9991
cell_r11_c14_blob_1_word_3_char_00.png,9,0.7247
cell_r11_c14_blob_1_word_3_char_01.png,1,0.7132
cell_r11_c14_blob_1_word_3_char_02.png,6,0.9266
cell_r11_c14_blob_1_word_3_char_03.png,1,0.9708
cell_r11_c14_blob_1_word_3_char_04.png,7,0.9973
cell_r11_c14_blob_1_word_3_char_05.png,7,0.9976
cell_r11_c15_blob_1_word_1_char_00.png,3,0.9924
cell_r11_c15_blob_1_word_2_char_00.png,6,0.8521
cell_r11_c15_blob_1_word_2_char_01.png,3,0.5923
cell_r11_c15_blob_1_word_2_char_02.png,1,0.8085
cell_r11_c15_blob_1_word_3_char_00.png,8,0.9977
cell_r11_c15_blob_1_word_3_char_01.png,8,0.908
cell_r11_c15_blob_1_word_3_char_02.png,0,0.64
cell_r11_c15_blob_1_word_4_char_00.png,7,0.8643
cell_r11_c15_blob_1_word_4_char_01.png,7,0.9569
cell_r11_c15_blob_1_word_4_char_02.png,7,0.8996
cell_r11_c16_blob_1_word_1_char_00.png,2,1.0
cell_r11_c17_blob_1_word_1_char_00.png,7,0.6069
cell_r11_c17_blob_1_word_2_char_00.png,6,0.5965
cell_r11_c17_blob_1_word_3_char_00.png,3,0.8137
cell_r11_c17_blob_1_word_3_char_01_1.png,7,0.9978
cell_r11_c17_blob_1_word_3_char_01_2.png,1,0.5575
cell_r11_c17_blob_1_word_4_char_00.png,2,0.9981
cell_r11_c17_blob_1_word_4_char_01.png,9,0.9626
cell_r11_c17_blob_1_word_4_char_02.png,7,0.9911
cell_r11_c17_blob_1_word_4_char_03.png,1,0.8996
cell_r11_c17_blob_1_word_4_char_04.png,8,0.9905
cell_r11_c18_blob_1_word_1_char_00.png,0,0.8696
cell_r11_c18_blob_1_word_2_char_00.png,8,0.6525
cell_r11_c18_blob_1_word_2_char_01.png,2,0.9947
cell_r11_c18_blob_1_word_2_char_02.png,4,0.9997
cell_r11_c18_blob_1_word_3_char_00.png,6,0.8614
cell_r11_c18_blob_1_word_3_char_01.png,1,0.8361
cell_r11_c18_blob_1_word_3_char_02.png,5,0.5012
cell_r11_c18_blob_1_word_4_char_00.png,7,0.9944
cell_r11_c18_blob_1_word_4_char_01.png,6,0.9178
cell_r11_c18_blob_1_word_4_char_02.png,0,0.9836
cell_r11_c5_blob_1_word_1_char_00.png,1,0.9997
cell_r11_c6_blob_1_word_1_char_00.png,5,0.9527
cell_r11_c6_blob_1_word_2_char_00.png,2,0.8649
cell_r11_c6_blob_1_word_2_char_01.png,0,0.9993
cell_r11_c6_blob_1_word_2_char_02.png,2,0.9863
cell_r11_c6_blob_1_word_3_char_00.png,1,0.9664
cell_r11_c6_blob_1_word_3_char_01.png,2,0.7254
cell_r11_c6_blob_1_word_3_char_02.png,7,0.628
cell_r11_c6_blob_1_word_4_char_00.png,1,0.9988
cell_r11_c7_blob_1_word_1_char_00.png,3,0.9989
cell_r11_c7_blob_1_word_2_char_00.png,7,0.9589
cell_r11_c7_blob_1_word_2_char_01.png,2,0.8897
cell_r11_c7_blob_1_word_2_char_02.png,2,0.9901
cell_r11_c7_blob_1_word_3_char_00.png,1,0.9636
cell_r11_c7_blob_1_word_3_char_01.png,3,0.9996
cell_r11_c7_blob_1_word_3_char_02.png,3,0.8723
cell_r11_c7_blob_1_word_3_char_03.png,1,0.9997
cell_r11_c7_blob_1_word_3_char_04.png,1,1.0
cell_r12_c0_blob_1_word_1_char_00_1.png,7,0.9846
cell_r12_c0_blob_1_word_1_char_00_2.png,7,0.988
cell_r12_c1_blob_1_word_1_char_00.png,1,0.9998
cell_r12_c1_blob_1_word_1_char_01.png,6,0.9261
cell_r12_c1_blob_1_word_1_char_02.png,6,0.9464
cell_r12_c1_blob_1_word_1_char_03.png,7,0.6832
cell_r12_c1_blob_1_word_1_char_04.png,1,0.9992
cell_r12_c1_blob_1_word_1_char_05.png,0,0.8302
cell_r12_c1_blob_1_word_2_char_00.png,1,0.9316
cell_r12_c1_blob_1_word_2_char_01.png,1,0.5844
cell_r12_c1_blob_1_word_2_char_02_1.png,7,0.8949
cell_r12_c1_blob_1_word_2_char_02_2.png,6,0.9679
cell_r12_c1_blob_1_word_2_char_03.png,6,0.4173
cell_r12_c1_blob_1_word_2_char_04.png,1,0.7488
cell_r12_c1_blob_1_word_2_char_05_1.png,0,0.5372
cell_r12_c1_blob_1_word_2_char_05_2.png,6,0.6524
cell_r12_c1_blob_1_word_3_char_00_1.png,0,0.8734
cell_r12_c1_blob_1_word_3_char_00_1_1.png,1,0.8481
cell_r12_c1_blob_1_word_3_char_00_1_2.png,3,0.984
cell_r12_c1_blob_1_word_3_char_00_2.png,0,0.6231
cell_r12_c1_blob_1_word_3_char_00_3.png,0,0.8323
cell_r12_c1_blob_1_word_3_char_00_3_1.png,7,0.5602
cell_r12_c1_blob_1_word_3_char_00_3_2.png,6,0.678
cell_r12_c1_blob_1_word_3_char_01.png,7,0.6923
cell_r12_c1_blob_1_word_3_char_02.png,7,0.7184
cell_r12_c1_blob_1_word_3_char_03_1.png,1,0.9982
cell_r12_c1_blob_1_word_3_char_03_2.png,6,0.8309
cell_r12_c1_blob_1_word_3_char_04.png,6,0.903
cell_r12_c1_blob_1_word_4_char_00.png,1,0.9396
cell_r12_c1_blob_1_word_4_char_01_1.png,1,0.7198
cell_r12_c1_blob_1_word_4_char_01_2.png,7,0.8405
cell_r12_c1_blob_1_word_4_char_02.png,1,0.6626
cell_r12_c1_blob_1_word_4_char_03_1.png,7,0.5865
cell_r12_c1_blob_1_word_4_char_03_2.png,1,0.6861
cell_r12_c1_blob_1_word_4_char_04.png,6,0.9557
cell_r12_c1_blob_1_word_4_char_05.png,0,0.6251
cell_r12_c1_blob_1_word_5_char_00_1.png,1,0.9257
cell_r12_c1_blob_1_word_5_char_00_2.png,1,0.8544
cell_r12_c1_blob_1_word_6_char_00_1.png,0,0.487
cell_r12_c1_blob_1_word_6_char_00_2.png,6,0.4271
cell_r12_c1_blob_1_word_6_char_01_1.png,1,0.9992
cell_r12_c1_blob_1_word_6_char_01_2.png,6,0.9755
cell_r12_c1_blob_1_word_6_char_02_1.png,6,0.6712
cell_r12_c1_blob_1_word_6_char_02_2.png,1,0.9986
cell_r12_c1_blob_1_word_6_char_02_3.png,2,0.5371
cell_r12_c1_blob_1_word_6_char_03.png,6,0.9292
cell_r12_c1_blob_1_word_7_char_00_1.png,8,0.5096
cell_r12_c1_blob_1_word_7_char_00_2.png,7,0.5984
cell_r12_c1_blob_1_word_7_char_00_2_1.png,6,0.3603
cell_r12_c1_blob_1_word_7_char_00_2_2.png,7,0.8067
cell_r12_c1_blob_1_word_7_char_01_1.png,1,0.9706
cell_r12_c1_blob_1_word_7_char_01_2.png,6,0.6874
cell_r12_c1_blob_1_word_7_char_02.png,0,0.7641
cell_r12_c1_blob_1_word_7_char_02_1.png,6,0.6133
cell_r12_c1_blob_1_word_7_char_02_2.png,1,0.9986
cell_r12_c1_blob_1_word_7_char_02_3.png,2,0.536
cell_r12_c1_blob_1_word_7_char_03.png,6,0.7267
cell_r12_c1_blob_1_word_8_char_00_1.png,1,0.7376
cell_r12_c1_blob_1_word_8_char_00_2.png,5,0.5768
cell_r12_c1_blob_1_word_8_char_01.png,9,0.5008
cell_r12_c1_blob_1_word_8_char_01_1.png,1,0.981
cell_r12_c1_blob_1_word_8_char_01_2.png,6,0.6314
cell_r12_c1_blob_1_word_8_char_02.png,6,0.9136
cell_r12_c1_blob_1_word_8_char_03_1.png,6,0.5557
cell_r12_c1_blob_1_word_8_char_03_2.png,7,0.7171
cell_r12_c1_blob_1_word_8_char_04.png,1,0.7686
cell_r12_c1_blob_1_word_8_char_05.png,6,0.5499
cell_r12_c1_blob_1_word_8_char_06.png,1,0.9708
cell_r12_c1_blob_1_word_8_char_07.png,6,0.9801
cell_r12_c1_blob_1_word_8_char_08.png,3,0.5445
cell_r12_c1_blob_1_word_8_char_09.png,6,0.5105
cell_r12_c1_blob_1_word_8_char_10.png,3,0.7312
cell_r12_c1_blob_1_word_9_char_00_1.png,1,0.7654
cell_r12_c1_blob_1_word_9_char_00_2.png,5,0.537
cell_r12_c1_blob_1_word_9_char_01.png,9,0.5119
cell_r12_c1_blob_1_word_9_char_02.png,6,0.8406
cell_r12_c1_blob_1_word_9_char_03_1.png,6,0.5659
cell_r12_c1_blob_1_word_9_char_03_2.png,7,0.6732
cell_r12_c1_blob_1_word_9_char_04.png,1,0.7612
cell_r12_c1_blob_1_word_9_char_05.png,6,0.476
cell_r12_c1_blob_1_word_9_char_06.png,1,0.9693
cell_r12_c1_blob_1_word_9_char_07.png,6,0.9843
cell_r12_c1_blob_1_word_9_char_08.png,3,0.5594
cell_r12_c1_blob_1_word_9_char_09.png,6,0.5978
cell_r12_c1_blob_1_word_9_char_10.png,3,0.745
cell_r12_c1_blob_2_word_1_char_00.png,6,0.5467
cell_r12_c1_blob_2_word_1_char_01_1.png,1,0.9967
cell_r12_c1_blob_2_word_1_char_01_2.png,7,0.7386
cell_r12_c1_blob_2_word_1_char_02.png,7,0.6535
cell_r12_c1_blob_2_word_1_char_03.png,1,0.9997
cell_r12_c1_blob_2_word_1_char_04.png,1,0.959
cell_r12_c1_blob_2_word_1_char_05.png,1,0.9999
cell_r12_c1_blob_2_word_2_char_00.png,1,0.9593
cell_r12_c1_blob_2_word_2_char_01.png,1,0.8518
cell_r12_c1_blob_2_word_2_char_02_1.png,1,0.9998
cell_r12_c1_blob_2_word_2_char_02_2.png,1,0.6752
cell_r12_c1_blob_2_word_2_char_02_3.png,1,0.9987
cell_r12_c1_blob_2_word_2_char_03_1.png,1,0.9365
cell_r12_c1_blob_2_word_2_char_03_2.png,1,0.7565
cell_r12_c1_blob_2_word_2_char_03_3.png,6,0.9383
cell_r12_c1_blob_2_word_2_char_04_1.png,6,0.9216
cell_r12_c1_blob_2_word_2_char_04_1_1.png,1,0.9903
cell_r12_c1_blob_2_word_2_char_04_1_2.png,7,0.6258
cell_r12_c1_blob_2_word_2_char_04_2.png,6,0.9932
cell_r12_c1_blob_2_word_2_char_04_2_1.png,7,0.6737
cell_r12_c1_blob_2_word_2_char_04_2_2.png,7,0.6592
cell_r12_c1_blob_2_word_2_char_04_3.png,6,0.4528
cell_r12_c1_blob_2_word_2_char_04_3_1.png,1,0.8255
cell_r12_c1_blob_2_word_2_char_04_3_2.png,7,0.9834
cell_r12_c1_blob_2_word_2_char_05_1.png,1,0.9938
cell_r12_c1_blob_2_word_2_char_05_2.png,6,0.8307
cell_r12_c1_blob_2_word_2_char_06.png,3,0.9998
cell_r12_c1_blob_2_word_3_char_00.png,1,0.8988
cell_r12_c1_blob_2_word_3_char_01_1.png,2,0.9646
cell_r12_c1_blob_2_word_3_char_01_2.png,0,0.9995
cell_r12_c1_blob_2_word_3_char_02.png,2,0.9956
cell_r12_c1_blob_2_word_3_char_03.png,7,0.8478
cell_r12_c1_blob_2_word_3_char_04.png,7,0.9301
cell_r12_c1_blob_2_word_4_char_00.png,7,0.9975
cell_r12_c1_blob_2_word_4_char_01.png,7,0.9978
cell_r12_c1_blob_2_word_5_char_00_1.png,7,0.9985
cell_r12_c1_blob_2_word_5_char_00_2.png,7,0.9986
cell_r12_c1_blob_2_word_5_char_00_3.png,7,0.9993
cell_r12_c1_blob_2_word_6_char_00.png,7,0.9984
cell_r12_c3_blob_1_word_1_char_00.png,1,0.6898
cell_r13_c0_blob_1_word_1_char_00.png,4,0.9137
cell_r13_c10_blob_1_word_1_char_00.png,6,0.9993
cell_r13_c10_blob_1_word_1_char_01.png,1,1.0
cell_r13_c10_blob_1_word_2_char_00.png,8,0.442
cell_r13_c10_blob_1_word_2_char_01.png,7,0.9989
cell_r13_c10_blob_1_word_2_char_02.png,5,0.9032
cell_r13_c10_blob_1_word_2_char_03.png,3,0.9997
cell_r13_c11_blob_1_word_1_char_00.png,7,0.9987
cell_r13_c11_blob_1_word_1_char_01.png,7,0.9988
cell_r13_c11_blob_1_word_1_char_02_1.png,7,0.9986
cell_r13_c11_blob_1_word_1_char_02_2.png,7,0.9986
cell_r13_c11_blob_1_word_1_char_02_3.png,7,0.9985
cell_r13_c11_blob_1_word_1_char_03.png,7,0.9986
cell_r13_c11_blob_1_word_2_char_00.png,3,0.9849
cell_r13_c11_blob_1_word_2_char_01.png,0,0.9747
cell_r13_c11_blob_1_word_2_char_02.png,5,0.9474
cell_r13_c11_blob_1_word_3_char_00.png,3,0.9995
cell_r13_c11_blob_1_word_3_char_01.png,2,0.5447
cell_r13_c11_blob_1_word_3_char_02.png,1,1.0
cell_r13_c11_blob_1_word_4_char_00.png,7,0.767
cell_r13_c11_blob_1_word_4_char_01.png,2,0.9829
cell_r13_c11_blob_1_word_4_char_02.png,5,0.6707
cell_r13_c13_blob_1_word_1_char_00.png,7,0.9589
cell_r13_c13_blob_1_word_1_char_01.png,2,0.6527
cell_r13_c15_blob_1_word_1_char_00.png,6,0.4871
cell_r13_c15_blob_1_word_1_char_01.png,6,0.9999
cell_r13_c15_blob_1_word_2_char_00.png,7,0.8527
cell_r13_c15_blob_1_word_2_char_01.png,4,0.9971
cell_r13_c15_blob_1_word_2_char_02.png,7,0.8757
cell_r13_c15_blob_1_word_2_char_03.png,5,0.9998
cell_r13_c15_blob_1_word_2_char_04.png,3,0.7292
cell_r13_c15_blob_1_word_2_char_05.png,7,0.6046
cell_r13_c16_blob_1_word_1_char_00.png,6,0.4709
cell_r13_c17_blob_1_word_1_char_00.png,7,0.5525
cell_r13_c17_blob_1_word_1_char_01.png,6,0.9654
cell_r13_c17_blob_1_word_1_char_02.png,1,0.5459
cell_r13_c17_blob_1_word_2_char_00.png,6,0.8892
cell_r13_c17_blob_1_word_2_char_01.png,6,0.9983
cell_r13_c17_blob_1_word_2_char_02.png,1,0.8482
cell_r13_c17_blob_1_word_3_char_00.png,7,0.9791
cell_r13_c17_blob_1_word_3_char_01.png,1,0.8602
cell_r13_c17_blob_1_word_3_char_02.png,0,0.499
cell_r13_c17_blob_1_word_4_char_00_1.png,7,0.9985
cell_r13_c17_blob_1_word_4_char_00_2.png,7,0.9985
cell_r13_c17_blob_1_word_4_char_00_3.png,7,0.9987
cell_r13_c18_blob_1_word_1_char_00.png,5,0.9959
cell_r13_c18_blob_1_word_1_char_01.png,7,0.9782
cell_r13_c18_blob_1_word_1_char_02.png,7,0.9996
cell_r13_c18_blob_1_word_1_char_03.png,3,0.9862
cell_r13_c18_blob_1_word_1_char_04.png,6,0.9871
cell_r13_c18_blob_1_word_1_char_05.png,1,0.9532
cell_r13_c18_blob_1_word_1_char_06.png,3,0.6677
cell_r13_c18_blob_1_word_1_char_07.png,6,0.6966
cell_r13_c18_blob_1_word_1_char_08.png,3,0.5878
cell_r13_c1_blob_1_word_1_char_00.png,7,0.9235
cell_r13_c1_blob_1_word_2_char_00.png,6,0.9967
cell_r13_c1_blob_1_word_2_char_01.png,5,0.9669
cell_r13_c1_blob_1_word_2_char_02.png,1,0.4122
cell_r13_c1_blob_1_word_2_char_03.png,1,0.8733
cell_r13_c1_blob_1_word_2_char_04.png,6,0.9862
cell_r13_c1_blob_1_word_2_char_05.png,1,0.6102
cell_r13_c1_blob_1_word_3_char_00.png,7,0.8866
cell_r13_c1_blob_1_word_3_char_01_1.png,7,0.891
cell_r13_c1_blob_1_word_3_char_01_2.png,6,0.5068
cell_r13_c1_blob_1_word_3_char_02.png,5,0.8305
cell_r13_c1_blob_1_word_3_char_03.png,6,0.9217
cell_r13_c1_blob_1_word_4_char_00.png,6,0.9886
cell_r13_c1_blob_1_word_4_char_01.png,2,0.9612
cell_r13_c1_blob_1_word_4_char_02.png,5,0.6621
cell_r13_c1_blob_1_word_4_char_03.png,7,0.9687
cell_r13_c1_blob_1_word_4_char_04.png,5,0.9951
cell_r13_c1_blob_1_word_4_char_05.png,7,0.999
cell_r13_c1_blob_1_word_4_char_06_1.png,6,0.9956
cell_r13_c1_blob_1_word_4_char_06_2.png,6,0.99
cell_r13_c1_blob_1_word_4_char_07.png,1,0.967
cell_r13_c1_blob_1_word_4_char_08.png,1,0.4931
cell_r13_c1_blob_1_word_4_char_09_1.png,1,0.7924
cell_r13_c1_blob_1_word_4_char_09_2.png,6,0.6688
cell_r13_c1_blob_1_word_4_char_10.png,1,0.9931
cell_r13_c1_blob_1_word_4_char_11_1.png,1,0.8713
cell_r13_c1_blob_1_word_4_char_11_2.png,6,0.7172
cell_r13_c1_blob_1_word_5_char_00.png,7,0.8919
cell_r13_c1_blob_1_word_5_char_01.png,1,0.9983
cell_r13_c1_blob_1_word_6_char_00.png,1,0.9974
cell_r13_c1_blob_1_word_6_char_01_1.png,6,0.9004
cell_r13_c1_blob_1_word_6_char_01_2.png,3,0.9996
cell_r13_c1_blob_1_word_6_char_02_1.png,4,0.8734
cell_r13_c1_blob_1_word_6_char_02_2.png,0,0.8359
cell_r13_c1_blob_1_word_6_char_03_1.png,6,0.9355
cell_r13_c1_blob_1_word_6_char_03_2.png,7,0.8712
cell_r13_c1_blob_1_word_6_char_04.png,5,0.8643
cell_r13_c1_blob_1_word_6_char_05.png,1,0.9548
cell_r13_c5_blob_1_word_1_char_00.png,1,0.9999
cell_r13_c7_blob_1_word_1_char_00.png,1,0.9292
cell_r13_c7_blob_1_word_1_char_01.png,1,0.9992
cell_r13_c7_blob_1_word_1_char_02.png,6,0.9831
cell_r13_c7_blob_1_word_2_char_00.png,1,0.7422
cell_r13_c7_blob_1_word_2_char_01.png,3,0.5764
cell_r13_c7_blob_1_word_2_char_02.png,8,0.527
cell_r13_c7_blob_1_word_2_char_03.png,9,0.8274
cell_r13_c7_blob_1_word_2_char_04.png,1,0.9541
cell_r13_c7_blob_1_word_2_char_05.png,2,0.8662
cell_r13_c7_blob_1_word_2_char_06.png,2,0.9905
cell_r13_c8_blob_1_word_1_char_00.png,0,0.9857
cell_r13_c8_blob_1_word_1_char_01_1.png,7,0.9691
cell_r13_c8_blob_1_word_1_char_01_2.png,7,0.632
cell_r13_c8_blob_1_word_1_char_02.png,7,0.5596
cell_r13_c8_blob_1_word_1_char_03.png,6,0.9687
cell_r14_c0_blob_1_word_1_char_00.png,4,0.9951
cell_r14_c0_blob_1_word_1_char_01.png,3,0.5063
cell_r14_c10_blob_1_word_1_char_00.png,6,0.9996
cell_r14_c10_blob_1_word_1_char_01.png,1,0.9999
cell_r14_c10_blob_1_word_2_char_00.png,8,0.9606
cell_r14_c10_blob_1_word_2_char_01.png,7,0.9992
cell_r14_c10_blob_1_word_2_char_02.png,5,0.9326
cell_r14_c10_blob_1_word_2_char_03.png,3,0.9976
cell_r14_c10_blob_1_word_3_char_00.png,1,0.9999
cell_r14_c11_blob_1_word_1_char_00_1.png,7,0.9999
cell_r14_c11_blob_1_word_1_char_00_1_1.png,7,0.9986
cell_r14_c11_blob_1_word_1_char_00_1_2.png,7,0.9987
cell_r14_c11_blob_1_word_1_char_00_1_3.png,7,0.9988
cell_r14_c11_blob_1_word_1_char_00_2.png,7,0.9999
cell_r14_c11_blob_1_word_1_char_00_2_1.png,7,0.9988
cell_r14_c11_blob_1_word_1_char_00_2_2.png,7,0.9988
cell_r14_c11_blob_1_word_1_char_00_2_3.png,7,0.9986
cell_r14_c11_blob_1_word_1_char_00_3.png,7,1.0
cell_r14_c11_blob_1_word_1_char_00_3_1.png,7,0.9986
cell_r14_c11_blob_1_word_1_char_00_3_2.png,7,0.9986
cell_r14_c11_blob_1_word_1_char_00_3_3.png,7,0.9986
cell_r14_c11_blob_1_word_1_char_01_1.png,7,0.9987
cell_r14_c11_blob_1_word_1_char_01_2.png,7,0.9987
cell_r14_c11_blob_1_word_1_char_01_3.png,7,0.9997
cell_r14_c11_blob_1_word_1_char_02.png,7,0.9968
cell_r14_c11_blob_1_word_1_char_03.png,6,0.9976
cell_r14_c11_blob_1_word_1_char_04.png,1,0.9994
cell_r14_c11_blob_1_word_2_char_00.png,8,0.9811
cell_r14_c11_blob_1_word_2_char_01.png,7,0.9981
cell_r14_c11_blob_1_word_2_char_02.png,0,0.9832
cell_r14_c11_blob_1_word_2_char_03.png,1,0.7325
cell_r14_c11_blob_1_word_3_char_00.png,7,0.9963
cell_r14_c11_blob_1_word_3_char_01.png,0,0.9844
cell_r14_c11_blob_1_word_3_char_02.png,1,0.7193
cell_r14_c11_blob_1_word_4_char_00.png,3,0.8943
cell_r14_c12_blob_1_word_1_char_00.png,5,0.8353
cell_r14_c12_blob_1_word_1_char_01.png,6,0.7047
cell_r14_c12_blob_1_word_1_char_02.png,1,0.9904
cell_r14_c12_blob_1_word_1_char_03.png,6,0.8855
cell_r14_c12_blob_1_word_1_char_04.png,6,0.5475
cell_r14_c12_blob_1_word_1_char_05.png,7,0.967
cell_r14_c13_blob_1_word_1_char_00.png,4,0.9989
cell_r14_c15_blob_1_word_1_char_00.png,5,0.6576
cell_r14_c15_blob_1_word_1_char_00_1.png,2,0.8121
cell_r14_c15_blob_1_word_1_char_00_2.png,0,0.722
cell_r14_c15_blob_1_word_1_char_01.png,5,0.9792
cell_r14_c15_blob_1_word_1_char_02.png,2,1.0
cell_r14_c15_blob_1_word_2_char_00.png,3,0.9439
cell_r14_c15_blob_1_word_2_char_01.png,5,0.7628
cell_r14_c15_blob_1_word_2_char_02.png,2,0.8239
cell_r14_c15_blob_1_word_2_char_03.png,1,1.0
cell_r14_c15_blob_1_word_3_char_00.png,2,1.0
cell_r14_c16_blob_1_word_1_char_00.png,5,0.9925
cell_r14_c17_blob_1_word_1_char_00.png,1,0.7212
cell_r14_c17_blob_1_word_1_char_01.png,2,0.9377
cell_r14_c17_blob_1_word_1_char_02.png,4,0.9549
cell_r14_c17_blob_1_word_2_char_00.png,2,0.7254
cell_r14_c17_blob_1_word_2_char_01.png,1,0.9213
cell_r14_c17_blob_1_word_2_char_02.png,6,0.9624
cell_r14_c17_blob_1_word_2_char_03.png,5,0.9996
cell_r14_c17_blob_1_word_2_char_04.png,8,0.574
cell_r14_c17_blob_1_word_2_char_05.png,3,0.8283
cell_r14_c18_blob_1_word_1_char_00.png,5,0.9001
cell_r14_c18_blob_1_word_1_char_01.png,6,0.9134
cell_r14_c18_blob_1_word_1_char_02.png,5,0.4213
cell_r14_c18_blob_1_word_2_char_00.png,0,0.9988
cell_r14_c18_blob_1_word_2_char_01.png,4,0.9422
cell_r14_c18_blob_1_word_2_char_02.png,0,0.9889
cell_r14_c18_blob_1_word_2_char_03.png,1,0.9945
cell_r14_c18_blob_1_word_2_char_04.png,5,0.8298
cell_r14_c18_blob_1_word_2_char_05.png,2,1.0
cell_r14_c1_blob_1_word_1_char_00.png,1,0.9831
cell_r14_c1_blob_1_word_1_char_01.png,7,0.5672
cell_r14_c1_blob_1_word_1_char_02_1.png,6,0.9163
cell_r14_c1_blob_1_word_1_char_02_2.png,7,0.6764
cell_r14_c1_blob_1_word_1_char_03_1.png,7,0.4408
cell_r14_c1_blob_1_word_1_char_03_2.png,6,0.9986
cell_r14_c1_blob_1_word_1_char_04.png,1,0.626
cell_r14_c1_blob_1_word_2_char_00.png,6,0.964
cell_r14_c1_blob_1_word_2_char_01.png,7,0.432
cell_r14_c1_blob_1_word_2_char_02.png,5,0.5655
cell_r14_c1_blob_1_word_2_char_03.png,7,0.9145
cell_r14_c1_blob_1_word_2_char_04.png,4,0.7942
cell_r14_c1_blob_1_word_2_char_05.png,6,0.4756
cell_r14_c1_blob_1_word_3_char_00_1.png,6,0.8563
cell_r14_c1_blob_1_word_3_char_00_2.png,6,0.9665
cell_r14_c1_blob_1_word_3_char_01.png,6,0.9305
cell_r14_c1_blob_1_word_3_char_02_1.png,6,0.7104
cell_r14_c1_blob_1_word_3_char_02_2.png,5,0.8501
cell_r14_c1_blob_1_word_3_char_03.png,6,0.9802
cell_r14_c1_blob_1_word_3_char_04.png,6,0.963
cell_r14_c1_blob_1_word_3_char_05_1.png,1,0.9661
cell_r14_c1_blob_1_word_3_char_05_2.png,7,0.4894
cell_r14_c1_blob_1_word_3_char_06.png,6,0.6347
cell_r14_c1_blob_1_word_3_char_07.png,7,0.907
cell_r14_c1_blob_1_word_3_char_08.png,7,0.8295
cell_r14_c1_blob_1_word_3_char_09.png,1,0.8338
cell_r14_c1_blob_1_word_3_char_10_1.png,0,0.4018
cell_r14_c1_blob_1_word_3_char_10_2.png,6,0.6955
cell_r14_c1_blob_1_word_4_char_00.png,7,1.0
cell_r14_c1_blob_1_word_4_char_01.png,7,0.9142
cell_r14_c1_blob_1_word_4_char_02.png,7,0.8675
cell_r14_c1_blob_1_word_4_char_03.png,1,0.8606
cell_r14_c1_blob_1_word_4_char_04_1.png,1,0.3372
cell_r14_c1_blob_1_word_4_char_04_2.png,6,0.7063
cell_r14_c1_blob_1_word_5_char_00.png,1,0.9601
cell_r14_c1_blob_1_word_5_char_01_1.png,1,0.452
cell_r14_c1_blob_1_word_5_char_01_2.png,1,0.7742
cell_r14_c1_blob_1_word_5_char_02.png,4,0.9997
cell_r14_c1_blob_1_word_5_char_03_1.png,7,0.9785
cell_r14_c1_blob_1_word_5_char_03_2.png,1,0.5665
cell_r14_c1_blob_1_word_5_char_04_1.png,6,0.7488
cell_r14_c1_blob_1_word_5_char_04_2.png,1,0.9929
cell_r14_c1_blob_1_word_5_char_05.png,9,0.8979
cell_r14_c1_blob_1_word_6_char_00.png,1,0.9599
cell_r14_c1_blob_1_word_6_char_01_1.png,1,0.4736
cell_r14_c1_blob_1_word_6_char_01_2.png,1,0.7907
cell_r14_c1_blob_1_word_6_char_02.png,4,0.9997
cell_r14_c1_blob_1_word_6_char_03_1.png,7,0.9798
cell_r14_c1_blob_1_word_6_char_03_2.png,1,0.5455
cell_r14_c1_blob_1_word_6_char_04_1.png,6,0.7985
cell_r14_c1_blob_1_word_6_char_04_2.png,1,0.9921
cell_r14_c1_blob_1_word_6_char_05.png,9,0.8944
cell_r14_c4_blob_1_word_1_char_00.png,6,0.9745
cell_r14_c4_blob_1_word_1_char_01.png,8,0.6315
cell_r14_c4_blob_1_word_1_char_02.png,7,0.7067
cell_r14_c4_blob_1_word_1_char_03.png,6,0.9656
cell_r14_c4_blob_1_word_1_char_04_1.png,7,0.3537
cell_r14_c4_blob_1_word_1_char_04_2.png,5,0.9913
cell_r14_c6_blob_1_word_1_char_00.png,5,0.8653
cell_r14_c6_blob_1_word_1_char_01.png,6,0.9908
cell_r14_c6_blob_1_word_2_char_00.png,1,0.5171
cell_r14_c6_blob_1_word_2_char_01.png,6,0.9999
cell_r14_c6_blob_1_word_2_char_02.png,8,0.9962
cell_r14_c6_blob_1_word_2_char_03.png,2,0.9989
cell_r14_c6_blob_1_word_2_char_04.png,2,0.9969
cell_r14_c7_blob_1_word_1_char_00.png,0,0.9999
cell_r14_c7_blob_1_word_1_char_01.png,7,0.9984
cell_r14_c7_blob_1_word_1_char_02.png,2,0.919
cell_r14_c7_blob_1_word_1_char_03.png,1,0.9285
cell_r14_c7_blob_1_word_1_char_04.png,1,0.978
cell_r14_c7_blob_1_word_2_char_00.png,7,0.9971
cell_r14_c7_blob_1_word_2_char_01.png,2,0.9584
cell_r14_c7_blob_1_word_2_char_02.png,1,0.9481
cell_r14_c7_blob_1_word_2_char_03.png,1,0.9867
cell_r14_c9_blob_1_word_1_char_00.png,1,0.997
cell_r15_c0_blob_1_word_1_char_00.png,4,0.9995
cell_r15_c0_blob_1_word_1_char_01.png,3,0.9978
cell_r15_c10_blob_1_word_1_char_00.png,6,0.4573
cell_r15_c10_blob_1_word_1_char_01.png,5,0.8196
cell_r15_c10_blob_1_word_1_char_02.png,4,0.985
cell_r15_c10_blob_1_word_2_char_00_1.png,2,0.6258
cell_r15_c10_blob_1_word_2_char_00_2.png,0,0.9942
cell_r15_c10_blob_1_word_2_char_01.png,7,0.4747
cell_r15_c10_blob_1_word_3_char_00.png,4,1.0
cell_r15_c10_blob_1_word_4_char_00.png,5,0.9851
cell_r15_c11_blob_1_word_1_char_00.png,7,0.9994
cell_r15_c11_blob_1_word_2_char_00.png,5,0.6701
cell_r15_c11_blob_1_word_2_char_01.png,2,0.9691
cell_r15_c11_blob_1_word_2_char_02.png,4,0.9999
cell_r15_c11_blob_1_word_3_char_00.png,6,0.4342
cell_r15_c11_blob_1_word_3_char_01.png,2,1.0
cell_r15_c11_blob_1_word_3_char_02.png,2,0.9978
cell_r15_c11_blob_1_word_3_char_03.png,5,0.5727
cell_r15_c11_blob_1_word_4_char_00.png,2,0.9971
cell_r15_c11_blob_1_word_4_char_01.png,5,0.5898
cell_r15_c12_blob_1_word_1_char_00.png,6,0.9806
cell_r15_c12_blob_1_word_1_char_01.png,0,0.543
cell_r15_c12_blob_1_word_1_char_02.png,6,0.9966
cell_r15_c12_blob_1_word_1_char_03.png,8,0.8542
cell_r15_c14_blob_1_word_1_char_00.png,5,0.9996
cell_r15_c14_blob_1_word_1_char_01.png,7,0.9969
cell_r15_c14_blob_1_word_1_char_02.png,3,0.9646
cell_r15_c14_blob_1_word_2_char_00.png,0,0.8981
cell_r15_c14_blob_1_word_2_char_01.png,6,0.6341
cell_r15_c14_blob_1_word_2_char_02.png,8,0.9211
cell_r15_c14_blob_1_word_2_char_03.png,1,0.7648
cell_r15_c14_blob_1_word_3_char_00.png,7,0.9949
cell_r15_c14_blob_1_word_3_char_01.png,2,1.0
cell_r15_c16_blob_1_word_1_char_00.png,2,0.6244
cell_r15_c17_blob_1_word_1_char_00.png,2,0.9582
cell_r15_c17_blob_1_word_2_char_00.png,6,0.7324
cell_r15_c17_blob_1_word_2_char_01.png,2,0.9911
cell_r15_c17_blob_1_word_2_char_02.png,4,0.9934
cell_r15_c17_blob_1_word_3_char_00.png,5,0.914
cell_r15_c17_blob_1_word_3_char_01.png,2,0.9985
cell_r15_c17_blob_1_word_3_char_02.png,2,0.7253
cell_r15_c17_blob_1_word_3_char_03.png,2,0.8888
cell_r15_c17_blob_1_word_3_char_04.png,5,0.7869
cell_r15_c17_blob_1_word_3_char_05.png,5,0.7887
cell_r15_c18_blob_1_word_1_char_00.png,0,0.9621
cell_r15_c18_blob_1_word_2_char_00_1.png,6,0.939
cell_r15_c18_blob_1_word_2_char_00_2.png,6,0.9854
cell_r15_c18_blob_1_word_2_char_01.png,1,0.76
cell_r15_c18_blob_1_word_2_char_02.png,6,0.669
cell_r15_c18_blob_1_word_3_char_00.png,4,0.9916
cell_r15_c18_blob_1_word_3_char_01.png,2,0.9952
cell_r15_c18_blob_1_word_3_char_02.png,6,0.7508
cell_r15_c18_blob_1_word_3_char_03.png,1,0.5296
cell_r15_c18_blob_1_word_3_char_04.png,1,0.756
cell_r15_c18_blob_1_word_3_char_05.png,0,0.9938
cell_r15_c1_blob_1_word_1_char_00.png,6,0.9998
cell_r15_c1_blob_1_word_1_char_01_1.png,7,0.4737
cell_r15_c1_blob_1_word_1_char_01_2.png,6,0.9222
cell_r15_c1_blob_1_word_1_char_02.png,7,0.7352
cell_r15_c1_blob_1_word_1_char_03_1.png,7,0.98
cell_r15_c1_blob_1_word_1_char_03_2.png,1,0.9436
cell_r15_c1_blob_1_word_1_char_04_1.png,6,0.4879
cell_r15_c1_blob_1_word_1_char_04_2.png,0,0.9798
cell_r15_c1_blob_1_word_1_char_05.png,7,0.9936
cell_r15_c1_blob_1_word_1_char_06_1.png,1,0.9435
cell_r15_c1_blob_1_word_1_char_06_2.png,7,0.6128
cell_r15_c1_blob_1_word_1_char_07.png,7,0.8096
cell_r15_c1_blob_1_word_1_char_08_1.png,4,0.6739
cell_r15_c1_blob_1_word_1_char_08_2.png,5,0.922
cell_r15_c1_blob_1_word_1_char_09.png,6,0.7697
cell_r15_c1_blob_1_word_2_char_00.png,6,0.5508
cell_r15_c1_blob_1_word_2_char_01_1.png,7,0.515
cell_r15_c1_blob_1_word_2_char_01_2.png,5,0.9911
cell_r15_c1_blob_1_word_2_char_02.png,1,0.9999
cell_r15_c1_blob_1_word_2_char_03_1.png,1,0.5034
cell_r15_c1_blob_1_word_2_char_03_2.png,6,0.9025
cell_r15_c1_blob_1_word_2_char_04.png,7,0.6544
cell_r15_c1_blob_1_word_2_char_05_1.png,7,0.5244
cell_r15_c1_blob_1_word_2_char_05_2.png,7,0.8764
cell_r15_c1_blob_1_word_3_char_00.png,1,0.8733
cell_r15_c1_blob_1_word_3_char_01_1.png,8,0.5684
cell_r15_c1_blob_1_word_3_char_01_2.png,0,0.9946
cell_r15_c1_blob_1_word_3_char_01_3.png,6,0.9973
cell_r15_c1_blob_1_word_4_char_00.png,7,0.7182
cell_r15_c6_blob_1_word_1_char_00.png,4,0.9992
cell_r15_c6_blob_1_word_2_char_00.png,0,0.9248
cell_r15_c6_blob_1_word_2_char_01.png,5,0.7682
cell_r15_c6_blob_1_word_3_char_00.png,6,0.999
cell_r15_c6_blob_1_word_3_char_01.png,5,0.9982
cell_r15_c6_blob_1_word_3_char_02.png,2,0.7997
cell_r15_c6_blob_1_word_3_char_03.png,2,1.0
cell_r15_c6_blob_1_word_3_char_04.png,5,0.9743
cell_r15_c7_blob_1_word_1_char_00.png,0,0.9998
cell_r15_c7_blob_1_word_1_char_01.png,7,0.7469
cell_r15_c7_blob_1_word_2_char_00.png,7,0.993
cell_r15_c7_blob_1_word_2_char_01.png,7,0.4351
cell_r15_c7_blob_1_word_2_char_02.png,0,0.9992
cell_r15_c9_blob_1_word_1_char_00.png,2,0.5598
cell_r16_c0_blob_1_word_1_char_00.png,6,0.9543
cell_r16_c10_blob_1_word_1_char_00.png,3,0.9951
cell_r16_c10_blob_1_word_2_char_00.png,6,0.9846
cell_r16_c10_blob_1_word_2_char_01.png,2,0.9965
cell_r16_c10_blob_1_word_3_char_00.png,6,0.9973
cell_r16_c10_blob_1_word_3_char_01.png,2,0.8439
cell_r16_c10_blob_1_word_3_char_02.png,3,0.8
cell_r16_c10_blob_1_word_3_char_03.png,2,0.9974
cell_r16_c13_blob_1_word_1_char_00.png,2,0.9983
cell_r16_c15_blob_1_word_1_char_00_1.png,7,0.9987
cell_r16_c15_blob_1_word_1_char_00_2.png,7,0.993
cell_r16_c15_blob_1_word_1_char_00_3.png,7,0.8117
cell_r16_c15_blob_1_word_2_char_00.png,2,1.0
cell_r16_c15_blob_1_word_2_char_01.png,7,1.0
cell_r16_c15_blob_1_word_2_char_02.png,5,0.9245
cell_r16_c15_blob_1_word_3_char_00_1.png,0,0.9953
cell_r16_c15_blob_1_word_3_char_00_2.png,4,1.0
cell_r16_c15_blob_1_word_3_char_01.png,1,0.9999
cell_r16_c15_blob_1_word_4_char_00.png,2,0.6161
cell_r16_c15_blob_1_word_4_char_01.png,0,0.9952
cell_r16_c16_blob_1_word_1_char_00.png,4,0.9996
cell_r16_c18_blob_1_word_1_char_00.png,1,0.9715
cell_r16_c18_blob_1_word_1_char_01.png,0,0.7058
cell_r16_c18_blob_1_word_2_char_00_1.png,3,0.8789
cell_r16_c18_blob_1_word_2_char_00_2.png,6,0.9923
cell_r16_c18_blob_1_word_2_char_01.png,5,0.9995
cell_r16_c18_blob_1_word_3_char_00_1.png,9,0.6025
cell_r16_c18_blob_1_word_3_char_00_2.png,4,0.9999
cell_r16_c18_blob_1_word_3_char_01.png,5,0.9933
cell_r16_c18_blob_1_word_4_char_00.png,1,0.9264
cell_r16_c18_blob_1_word_4_char_01.png,6,0.647
cell_r16_c1_blob_1_word_1_char_00.png,6,0.9988
cell_r16_c1_blob_1_word_1_char_01.png,5,0.8733
cell_r16_c1_blob_1_word_1_char_02_1.png,6,0.5235
cell_r16_c1_blob_1_word_1_char_02_2.png,6,0.7309
cell_r16_c1_blob_1_word_1_char_03.png,9,0.6019
cell_r16_c1_blob_1_word_2_char_00.png,1,0.9859
cell_r16_c1_blob_1_word_2_char_01.png,1,0.4658
cell_r16_c1_blob_1_word_2_char_02.png,7,0.9955
cell_r16_c1_blob_1_word_2_char_03_1.png,1,0.9967
cell_r16_c1_blob_1_word_2_char_03_2.png,1,0.8713
cell_r16_c1_blob_1_word_2_char_04.png,6,0.9969
cell_r16_c1_blob_1_word_2_char_05_1.png,4,0.767
cell_r16_c1_blob_1_word_2_char_05_2.png,6,0.9518
cell_r16_c1_blob_1_word_2_char_06_1.png,6,0.9914
cell_r16_c1_blob_1_word_2_char_06_2.png,0,0.8483
cell_r16_c1_blob_1_word_2_char_06_3.png,6,0.8795
cell_r16_c1_blob_1_word_2_char_07_1.png,1,0.4279
cell_r16_c1_blob_1_word_2_char_07_2.png,7,0.9921
cell_r16_c1_blob_1_word_2_char_08.png,7,0.8476
cell_r16_c1_blob_1_word_2_char_09_1.png,6,0.9231
cell_r16_c1_blob_1_word_2_char_09_1_1.png,7,0.9981
cell_r16_c1_blob_1_word_2_char_09_1_2.png,7,0.4166
cell_r16_c1_blob_1_word_2_char_09_2.png,6,0.8361
cell_r16_c1_blob_1_word_2_char_09_2_1.png,1,0.9906
cell_r16_c1_blob_1_word_2_char_09_2_2.png,7,0.5346
cell_r16_c1_blob_1_word_2_char_09_3.png,6,0.8961
cell_r16_c1_blob_1_word_2_char_09_3_1.png,1,0.9937
cell_r16_c1_blob_1_word_2_char_09_3_2.png,5,0.6268
cell_r16_c1_blob_1_word_2_char_10_1.png,6,0.7638
cell_r16_c1_blob_1_word_2_char_10_2.png,9,0.7095
cell_r16_c1_blob_1_word_2_char_10_3.png,0,0.8945
cell_r16_c1_blob_1_word_2_char_11.png,1,0.9212
cell_r16_c1_blob_1_word_2_char_12_1.png,1,0.9967
cell_r16_c1_blob_1_word_2_char_12_2.png,1,0.969
cell_r16_c1_blob_1_word_2_char_13.png,7,0.9982
cell_r16_c1_blob_1_word_2_char_14_1.png,1,1.0
cell_r16_c1_blob_1_word_2_char_14_2.png,6,0.6694
cell_r16_c1_blob_1_word_2_char_15_1.png,1,0.9789
cell_r16_c1_blob_1_word_2_char_15_2.png,1,0.6156
cell_r16_c1_blob_1_word_2_char_16_1.png,1,0.98
cell_r16_c1_blob_1_word_2_char_16_2.png,1,0.9671
cell_r16_c1_blob_1_word_2_char_16_3.png,7,0.6914
cell_r16_c1_blob_1_word_2_char_17.png,7,0.59
cell_r16_c1_blob_1_word_3_char_00.png,1,0.948
cell_r16_c1_blob_1_word_3_char_01.png,1,0.9998
cell_r16_c1_blob_1_word_3_char_02_1.png,1,0.5232
cell_r16_c1_blob_1_word_3_char_02_2.png,6,0.9606
cell_r16_c1_blob_1_word_3_char_03.png,5,0.4283
cell_r16_c1_blob_1_word_3_char_04.png,7,0.9376
cell_r16_c1_blob_1_word_3_char_05.png,7,0.9315
cell_r16_c1_blob_1_word_3_char_06.png,6,0.7995
cell_r16_c1_blob_1_word_3_char_07.png,1,0.9972
cell_r16_c1_blob_1_word_4_char_00.png,1,0.9954
cell_r16_c1_blob_1_word_4_char_01.png,7,0.9778
cell_r16_c1_blob_1_word_4_char_02_1.png,1,0.4986
cell_r16_c1_blob_1_word_4_char_02_2.png,3,0.4844
cell_r16_c1_blob_1_word_4_char_03.png,7,0.9979
cell_r16_c1_blob_1_word_4_char_04.png,7,0.6505
cell_r16_c1_blob_1_word_5_char_00.png,7,0.547
cell_r16_c1_blob_1_word_5_char_01.png,7,0.9985
cell_r16_c1_blob_1_word_5_char_02.png,7,0.8752
cell_r16_c1_blob_1_word_6_char_00.png,7,0.8497
cell_r16_c1_blob_1_word_6_char_01.png,1,0.8377
cell_r16_c1_blob_1_word_6_char_02.png,7,0.742
cell_r16_c1_blob_1_word_7_char_00_1.png,6,0.9938
cell_r16_c1_blob_1_word_7_char_00_2.png,6,0.9857
cell_r16_c1_blob_1_word_7_char_00_3.png,0,0.9998
cell_r16_c1_blob_1_word_7_char_01.png,1,0.9998
cell_r16_c1_blob_1_word_8_char_00_1.png,6,0.4767
cell_r16_c1_blob_1_word_8_char_00_2.png,0,0.9643
cell_r16_c1_blob_1_word_8_char_01_1.png,1,0.9944
cell_r16_c1_blob_1_word_8_char_01_2.png,7,0.8146
cell_r16_c1_blob_1_word_8_char_01_3.png,1,0.648
cell_r16_c1_blob_1_word_8_char_02_1.png,0,0.3351
cell_r16_c1_blob_1_word_8_char_02_2.png,1,0.4142
cell_r16_c4_blob_1_word_1_char_00_1.png,5,0.9014
cell_r16_c4_blob_1_word_1_char_00_2.png,6,0.9911
cell_r16_c4_blob_1_word_1_char_01.png,6,0.9808
cell_r16_c4_blob_1_word_1_char_02.png,5,0.8284
cell_r16_c7_blob_1_word_1_char_00.png,0,0.9988
cell_r16_c7_blob_1_word_1_char_01.png,7,0.9992
cell_r16_c7_blob_1_word_1_char_02.png,5,0.906
cell_r16_c7_blob_1_word_1_char_03.png,0,0.9786
cell_r16_c9_blob_1_word_1_char_00.png,7,0.8879
cell_r17_c0_blob_1_word_1_char_00.png,6,0.9997
cell_r17_c10_blob_1_word_1_char_00.png,2,0.7626
cell_r17_c10_blob_1_word_2_char_00.png,6,0.6542
cell_r17_c10_blob_1_word_2_char_01.png,8,0.5083
cell_r17_c10_blob_1_word_2_char_02.png,3,0.7493
cell_r17_c10_blob_1_word_3_char_00.png,5,0.9998
cell_r17_c10_blob_1_word_3_char_00_1.png,5,0.9996
cell_r17_c10_blob_1_word_3_char_00_2.png,4,0.8863
cell_r17_c10_blob_1_word_3_char_01.png,8,0.9852
cell_r17_c10_blob_1_word_3_char_02.png,2,0.429
cell_r17_c10_blob_1_word_4_char_00.png,7,1.0
cell_r17_c11_blob_1_word_1_char_00.png,5,0.9978
cell_r17_c11_blob_1_word_2_char_00.png,1,0.998
cell_r17_c11_blob_1_word_2_char_01.png,7,0.6389
cell_r17_c11_blob_1_word_2_char_02.png,7,0.8185
cell_r17_c11_blob_1_word_3_char_00.png,6,0.9989
cell_r17_c11_blob_1_word_3_char_01.png,7,0.4063
cell_r17_c11_blob_1_word_4_char_00.png,7,0.9776
cell_r17_c11_blob_1_word_4_char_01.png,3,0.7272
cell_r17_c11_blob_1_word_4_char_02.png,2,0.6187
cell_r17_c14_blob_1_word_1_char_00.png,2,0.9744
cell_r17_c14_blob_1_word_2_char_00.png,2,0.5671
cell_r17_c14_blob_1_word_2_char_01.png,5,0.9855
cell_r17_c14_blob_1_word_2_char_02.png,4,0.8193
cell_r17_c14_blob_1_word_3_char_00.png,9,0.5367
cell_r17_c14_blob_1_word_3_char_01.png,7,0.7608
cell_r17_c14_blob_1_word_3_char_02.png,2,0.9797
cell_r17_c14_blob_1_word_3_char_03.png,7,0.9163
cell_r17_c14_blob_1_word_3_char_04.png,1,0.993
cell_r17_c14_blob_1_word_4_char_00.png,0,0.9999
cell_r17_c15_blob_1_word_1_char_00.png,2,1.0
cell_r17_c15_blob_1_word_2_char_00.png,1,0.628
cell_r17_c15_blob_1_word_2_char_01.png,5,0.9997
cell_r17_c15_blob_1_word_2_char_02.png,4,0.4104
cell_r17_c15_blob_1_word_3_char_00.png,4,0.5855
cell_r17_c15_blob_1_word_3_char_01.png,3,0.8939
cell_r17_c15_blob_1_word_3_char_02.png,7,0.9779
cell_r17_c15_blob_1_word_4_char_00.png,7,0.9694
cell_r17_c15_blob_1_word_4_char_01.png,1,0.7797
cell_r17_c15_blob_1_word_5_char_00.png,0,0.6241
cell_r17_c16_blob_1_word_1_char_00.png,3,1.0
cell_r17_c17_blob_1_word_1_char_00.png,7,0.5496
cell_r17_c17_blob_1_word_2_char_00.png,0,0.9988
cell_r17_c17_blob_1_word_2_char_01.png,7,0.4633
cell_r17_c17_blob_1_word_2_char_02.png,7,0.9771
cell_r17_c17_blob_1_word_2_char_03.png,1,0.6989
cell_r17_c17_blob_1_word_3_char_00.png,6,0.5418
cell_r17_c17_blob_1_word_3_char_01.png,0,0.803
cell_r17_c17_blob_1_word_4_char_00.png,7,0.9769
cell_r17_c17_blob_1_word_4_char_01.png,4,0.9371
cell_r17_c17_blob_1_word_4_char_02.png,4,0.9441
cell_r17_c18_blob_1_word_1_char_00.png,5,0.6432
cell_r17_c18_blob_1_word_2_char_00_1.png,5,0.9921
cell_r17_c18_blob_1_word_2_char_00_2.png,4,1.0
cell_r17_c18_blob_1_word_2_char_01.png,1,0.9995
cell_r17_c18_blob_1_word_2_char_02.png,1,0.9996
cell_r17_c18_blob_1_word_3_char_00.png,9,0.8209
cell_r17_c18_blob_1_word_3_char_01.png,3,0.7846
cell_r17_c18_blob_1_word_3_char_02.png,3,0.9796
cell_r17_c18_blob_1_word_4_char_00.png,7,0.8669
cell_r17_c18_blob_1_word_4_char_01.png,7,0.8813
cell_r17_c18_blob_1_word_4_char_02.png,2,0.9158
cell_r17_c1_blob_1_word_1_char_00.png,6,0.6345
cell_r17_c1_blob_1_word_1_char_01.png,6,0.7615
cell_r17_c1_blob_1_word_1_char_02.png,9,0.7161
cell_r17_c1_blob_1_word_1_char_03.png,6,0.6238
cell_r17_c1_blob_1_word_2_char_00.png,1,0.9908
cell_r17_c1_blob_1_word_2_char_01_1.png,6,0.9681
cell_r17_c1_blob_1_word_2_char_01_2.png,7,0.548
cell_r17_c1_blob_1_word_3_char_00.png,1,0.9997
cell_r17_c1_blob_1_word_3_char_01.png,4,0.4783
cell_r17_c1_blob_1_word_3_char_02_1.png,7,0.6024
cell_r17_c1_blob_1_word_3_char_02_2.png,1,0.993
cell_r17_c1_blob_1_word_3_char_03_1.png,6,0.9372
cell_r17_c1_blob_1_word_3_char_03_2.png,7,0.9443
cell_r17_c1_blob_1_word_4_char_00_1.png,6,0.9861
cell_r17_c1_blob_1_word_4_char_00_2.png,6,0.9787
cell_r17_c1_blob_1_word_4_char_00_3.png,4,0.9794
cell_r17_c1_blob_1_word_4_char_01_1.png,8,0.9942
cell_r17_c1_blob_1_word_4_char_01_2.png,7,0.3336
cell_r17_c1_blob_1_word_4_char_02_1.png,1,0.8232
cell_r17_c1_blob_1_word_4_char_02_2.png,6,0.5247
cell_r17_c1_blob_1_word_4_char_02_3.png,6,0.9721
cell_r17_c1_blob_1_word_4_char_03_1.png,1,0.9999
cell_r17_c1_blob_1_word_4_char_03_2.png,1,0.714
cell_r17_c1_blob_1_word_4_char_03_3.png,6,0.9642
cell_r17_c1_blob_1_word_4_char_04_1.png,1,0.9999
cell_r17_c1_blob_1_word_4_char_04_2.png,4,0.7006
cell_r17_c6_blob_1_word_1_char_00.png,2,1.0
cell_r17_c6_blob_1_word_2_char_00.png,4,0.9981
cell_r17_c6_blob_1_word_2_char_01.png,6,0.9907
cell_r17_c6_blob_1_word_3_char_00.png,7,0.7392
cell_r17_c6_blob_1_word_3_char_01.png,3,0.9439
cell_r17_c6_blob_1_word_3_char_02.png,2,0.9941
cell_r17_c6_blob_1_word_3_char_03.png,1,0.975
cell_r17_c6_blob_1_word_4_char_00.png,6,0.9864
cell_r17_c6_blob_1_word_4_char_01.png,1,0.9956
cell_r17_c7_blob_1_word_1_char_00.png,0,0.9999
cell_r17_c7_blob_1_word_1_char_01.png,7,0.9936
cell_r17_c7_blob_1_word_1_char_02.png,2,0.6373
cell_r17_c7_blob_1_word_1_char_03.png,0,0.9945
cell_r17_c9_blob_1_word_1_char_00.png,2,1.0
cell_r18_c11_blob_1_word_1_char_00.png,7,0.8019
cell_r18_c11_blob_1_word_1_char_01.png,7,0.9966
cell_r18_c11_blob_1_word_2_char_00.png,5,0.5973
cell_r18_c11_blob_1_word_2_char_01.png,1,0.3867
cell_r18_c11_blob_1_word_2_char_02.png,6,0.9982
cell_r18_c11_blob_1_word_2_char_03.png,3,0.4676
cell_r18_c11_blob_1_word_2_char_04.png,1,0.6811
cell_r18_c11_blob_1_word_2_char_05.png,1,0.9988
cell_r18_c11_blob_1_word_2_char_06.png,6,0.5922
cell_r18_c11_blob_1_word_2_char_07.png,0,0.9999
cell_r18_c11_blob_1_word_2_char_08.png,0,0.9875
cell_r18_c17_blob_1_word_1_char_00.png,1,1.0
cell_r18_c17_blob_1_word_1_char_01.png,5,0.9709
cell_r18_c17_blob_1_word_1_char_02.png,0,0.9971
cell_r18_c17_blob_1_word_2_char_00.png,1,0.6154
cell_r18_c17_blob_1_word_2_char_01.png,4,0.9686
cell_r18_c17_blob_1_word_3_char_00.png,0,0.9994
cell_r18_c17_blob_1_word_3_char_01.png,7,0.9998
cell_r18_c17_blob_1_word_3_char_02.png,2,0.9998
cell_r18_c17_blob_1_word_3_char_03.png,3,0.9955
cell_r18_c17_blob_1_word_3_char_04.png,5,0.9896
cell_r18_c18_blob_1_word_1_char_00.png,2,0.9999
cell_r18_c18_blob_1_word_1_char_01.png,7,0.9013
cell_r18_c18_blob_1_word_1_char_02.png,1,0.5251
cell_r18_c18_blob_1_word_2_char_00.png,1,0.9921
cell_r18_c18_blob_1_word_2_char_01.png,6,0.9721
cell_r18_c18_blob_1_word_3_char_00.png,6,0.7612
cell_r18_c18_blob_1_word_3_char_01.png,9,0.5464
cell_r18_c18_blob_1_word_3_char_02.png,3,0.4931
cell_r18_c18_blob_1_word_3_char_03.png,8,0.3823
cell_r18_c18_blob_1_word_3_char_04.png,2,0.9997
cell_r18_c7_blob_1_word_1_char_00.png,0,0.9655
cell_r18_c7_blob_1_word_1_char_01.png,2,0.617
cell_r18_c7_blob_1_word_2_char_00.png,2,0.8187
cell_r18_c7_blob_1_word_2_char_01.png,0,0.9995
cell_r19_c11_blob_1_word_1_char_00.png,7,0.999
cell_r19_c11_blob_1_word_2_char_00.png,1,0.9956
cell_r19_c11_blob_1_word_3_char_00.png,5,0.9508
cell_r19_c11_blob_1_word_3_char_01.png,5,0.6217
cell_r19_c11_blob_1_word_3_char_02.png,0,0.9983
cell_r19_c11_blob_1_word_3_char_03.png,2,0.9978
cell_r19_c11_blob_1_word_3_char_04.png,0,0.8861
cell_r19_c11_blob_1_word_3_char_05.png,0,0.985
cell_r19_c11_blob_1_word_4_char_00.png,0,0.9504
cell_r19_c11_blob_1_word_4_char_01.png,0,0.9975
cell_r19_c15_blob_1_word_1_char_00.png,3,0.9991
cell_r19_c15_blob_1_word_2_char_00.png,5,0.9924
cell_r19_c15_blob_1_word_2_char_01.png,5,0.4955
cell_r19_c15_blob_1_word_2_char_02.png,2,0.9708
cell_r19_c15_blob_1_word_3_char_00.png,0,0.988
cell_r19_c15_blob_1_word_3_char_01.png,2,0.9835
cell_r19_c15_blob_1_word_3_char_02.png,9,0.7234
cell_r19_c15_blob_1_word_3_char_02_1.png,1,0.9445
cell_r19_c15_blob_1_word_3_char_02_2.png,1,0.529
cell_r19_c15_blob_1_word_3_char_03.png,5,0.9024
cell_r19_c15_blob_1_word_3_char_04.png,0,0.9927
cell_r19_c15_blob_1_word_4_char_00.png,5,0.9203
cell_r19_c15_blob_1_word_4_char_01.png,0,0.9973
cell_r19_c17_blob_1_word_1_char_00.png,5,0.9969
cell_r19_c17_blob_1_word_2_char_00.png,3,0.997
cell_r19_c17_blob_1_word_3_char_00.png,7,1.0
cell_r19_c17_blob_1_word_3_char_01.png,5,0.9989
cell_r19_c17_blob_1_word_4_char_00.png,7,0.6856
cell_r19_c17_blob_1_word_4_char_01.png,1,0.7707
cell_r19_c17_blob_1_word_4_char_02.png,2,0.9501
cell_r19_c17_blob_1_word_4_char_03.png,0,0.9999
cell_r19_c17_blob_1_word_4_char_04.png,5,0.5217
cell_r19_c17_blob_1_word_4_char_05.png,0,0.9996
cell_r19_c18_blob_1_word_1_char_00.png,6,0.9993
cell_r19_c18_blob_1_word_2_char_00.png,4,0.9727
cell_r19_c18_blob_1_word_2_char_01.png,5,0.9966
cell_r19_c18_blob_1_word_2_char_02.png,5,0.9626
cell_r19_c18_blob_1_word_3_char_00.png,0,0.8788
cell_r19_c18_blob_1_word_3_char_01.png,5,0.9565
cell_r19_c18_blob_1_word_3_char_02.png,6,0.8249
cell_r19_c18_blob_1_word_3_char_03.png,1,0.7457
cell_r19_c18_blob_1_word_4_char_00.png,5,0.7616
cell_r19_c18_blob_1_word_4_char_01.png,1,0.8123
cell_r19_c18_blob_1_word_4_char_02.png,1,0.7946
cell_r19_c18_blob_1_word_4_char_03.png,1,0.9999
cell_r19_c4_blob_1_word_1_char_00.png,6,0.4548
cell_r19_c4_blob_1_word_1_char_01.png,0,0.9759
cell_r19_c4_blob_1_word_1_char_02.png,5,0.3078
cell_r19_c7_blob_1_word_1_char_00.png,1,0.9971
cell_r19_c7_blob_1_word_1_char_01.png,7,1.0
cell_r19_c7_blob_1_word_1_char_02.png,5,0.9995
cell_r19_c7_blob_1_word_2_char_00.png,7,0.7711
cell_r19_c7_blob_1_word_2_char_01.png,1,0.9386
cell_r19_c7_blob_1_word_2_char_02.png,5,0.9282
cell_r19_c7_blob_1_word_2_char_03.png,0,0.9997
cell_r19_c7_blob_1_word_2_char_04.png,5,0.866
cell_r19_c7_blob_1_word_2_char_05.png,0,0.9997
cell_r1_c2_blob_2_word_1_char_00.png,2,0.9933
cell_r1_c2_blob_2_word_1_char_01.png,6,0.9051
cell_r1_c2_blob_2_word_1_char_02.png,2,0.998
cell_r1_c2_blob_2_word_1_char_03.png,4,0.9954
cell_r1_c2_blob_2_word_1_char_04.png,6,0.8976
cell_r1_c4_blob_2_word_1_char_00.png,6,0.9475
cell_r1_c4_blob_2_word_1_char_01.png,7,0.9597
cell_r1_c4_blob_2_word_1_char_02.png,6,0.9996
cell_r1_c4_blob_2_word_1_char_03.png,1,0.4959
cell_r1_c4_blob_2_word_1_char_04_1.png,6,0.9997
cell_r1_c4_blob_2_word_1_char_04_2.png,4,0.7988
cell_r1_c4_blob_2_word_1_char_05.png,3,0.9621
cell_r1_c4_blob_2_word_1_char_06_1.png,0,0.9894
cell_r1_c4_blob_2_word_1_char_06_2.png,0,0.9997
cell_r1_c4_blob_2_word_1_char_06_3.png,2,0.9708
cell_r1_c4_blob_2_word_1_char_07.png,7,0.6926
cell_r20_c11_blob_1_word_1_char_00.png,2,1.0
cell_r20_c11_blob_1_word_1_char_01.png,9,0.3048
cell_r20_c11_blob_1_word_1_char_02.png,6,0.9907
cell_r20_c11_blob_1_word_2_char_00.png,2,0.9999
cell_r20_c11_blob_1_word_2_char_01.png,3,0.9971
cell_r20_c11_blob_1_word_2_char_02.png,6,0.9712
cell_r20_c11_blob_1_word_3_char_00.png,2,0.9998
cell_r20_c11_blob_1_word_3_char_01.png,5,0.8833
cell_r20_c11_blob_1_word_3_char_02.png,5,0.6182
cell_r20_c11_blob_1_word_3_char_03.png,8,0.9187
cell_r20_c11_blob_1_word_3_char_04.png,7,0.5755
cell_r20_c15_blob_1_word_1_char_00.png,2,1.0
cell_r20_c15_blob_1_word_1_char_01.png,5,0.4476
cell_r20_c15_blob_1_word_1_char_02.png,6,0.9981
cell_r20_c15_blob_1_word_2_char_00.png,3,0.9952
cell_r20_c15_blob_1_word_2_char_01.png,6,0.9435
cell_r20_c15_blob_1_word_2_char_02.png,9,1.0
cell_r20_c15_blob_1_word_3_char_00.png,6,0.99
cell_r20_c15_blob_1_word_3_char_01.png,5,0.9999
cell_r20_c15_blob_1_word_3_char_02.png,5,1.0
cell_r20_c15_blob_1_word_3_char_03.png,2,0.6344
cell_r20_c15_blob_1_word_3_char_04.png,1,0.5083
cell_r20_c15_blob_1_word_3_char_05.png,2,0.9999
cell_r20_c17_blob_1_word_1_char_00.png,6,0.9994
cell_r20_c17_blob_1_word_1_char_01.png,6,0.9999
cell_r20_c17_blob_1_word_1_char_02.png,2,0.9997
cell_r20_c17_blob_1_word_2_char_00.png,6,0.9993
cell_r20_c17_blob_1_word_2_char_01.png,0,0.9989
cell_r20_c17_blob_1_word_2_char_02.png,3,0.9984
cell_r20_c17_blob_1_word_3_char_00.png,3,0.9985
cell_r20_c17_blob_1_word_3_char_01.png,6,0.9998
cell_r20_c17_blob_1_word_3_char_02.png,9,0.9945
cell_r20_c17_blob_1_word_3_char_03.png,1,0.9992
cell_r20_c17_blob_1_word_3_char_04.png,9,0.9994
cell_r20_c17_blob_1_word_3_char_05.png,2,0.8938
cell_r20_c17_blob_1_word_4_char_00.png,0,0.9997
cell_r20_c17_blob_1_word_4_char_01.png,6,0.9998
cell_r20_c17_blob_1_word_4_char_02.png,9,0.9945
cell_r20_c17_blob_1_word_4_char_03.png,1,0.9996
cell_r20_c17_blob_1_word_4_char_04.png,9,0.9996
cell_r20_c17_blob_1_word_4_char_05.png,2,0.9338
cell_r20_c18_blob_1_word_1_char_00.png,6,0.9999
cell_r20_c18_blob_1_word_1_char_01.png,5,0.994
cell_r20_c18_blob_1_word_2_char_00.png,8,0.5309
cell_r20_c18_blob_1_word_3_char_00.png,2,0.9993
cell_r20_c18_blob_1_word_3_char_01.png,3,1.0
cell_r20_c18_blob_1_word_4_char_00.png,6,0.9811
cell_r20_c18_blob_1_word_4_char_01.png,7,0.9998
cell_r20_c18_blob_1_word_5_char_00.png,6,0.5418
cell_r20_c18_blob_1_word_5_char_01.png,1,1.0
cell_r20_c7_blob_1_word_1_char_00.png,3,0.4577
cell_r20_c7_blob_1_word_1_char_01.png,1,0.9994
cell_r20_c7_blob_1_word_2_char_00.png,1,0.7027
cell_r20_c7_blob_1_word_2_char_01.png,1,0.9889
cell_r20_c7_blob_1_word_2_char_02.png,6,0.9836
cell_r20_c7_blob_1_word_2_char_03.png,7,0.9998
cell_r20_c7_blob_1_word_3_char_00.png,1,0.9984
cell_r20_c7_blob_1_word_4_char_00.png,4,0.9992
cell_r20_c7_blob_1_word_4_char_01.png,4,0.8752
cell_r20_c7_blob_1_word_4_char_02.png,1,0.9922
cell_r20_c7_blob_1_word_4_char_03.png,0,0.9984
cell_r20_c7_blob_1_word_4_char_04.png,3,0.9766
cell_r2_c0_blob_2_word_1_char_00.png,6,0.9952
cell_r2_c0_blob_2_word_1_char_01.png,0,0.8746
cell_r2_c0_blob_2_word_1_char_02.png,7,0.999
cell_r2_c0_blob_2_word_2_char_00.png,6,0.8811
cell_r2_c0_blob_2_word_2_char_01.png,7,0.7116
cell_r2_c0_blob_2_word_2_char_02_1.png,6,0.3752
cell_r2_c0_blob_2_word_2_char_02_2.png,6,0.3899
cell_r2_c1_blob_1_word_1_char_00.png,6,0.5508
cell_r2_c1_blob_1_word_1_char_01.png,5,0.9617
cell_r2_c1_blob_1_word_1_char_02_1.png,6,0.839
cell_r2_c1_blob_1_word_1_char_02_2.png,5,0.9423
cell_r2_c1_blob_1_word_1_char_03.png,6,0.8812
cell_r2_c1_blob_1_word_1_char_04.png,5,0.9212
cell_r2_c1_blob_1_word_1_char_05.png,6,0.9514
cell_r2_c1_blob_1_word_1_char_06.png,6,0.8061
cell_r2_c3_blob_4_word_1_char_00.png,9,0.92
cell_r2_c3_blob_4_word_2_char_00.png,6,0.7316
cell_r2_c3_blob_4_word_2_char_01.png,6,0.7866
cell_r2_c3_blob_4_word_2_char_02.png,6,0.818
cell_r2_c3_blob_4_word_3_char_00_1.png,5,0.5944
cell_r2_c3_blob_4_word_3_char_00_2.png,9,0.8803
cell_r2_c3_blob_4_word_3_char_00_2_1.png,5,0.3992
cell_r2_c3_blob_4_word_3_char_00_2_2.png,7,0.834
cell_r2_c3_blob_4_word_3_char_00_3.png,6,0.5299
cell_r2_c3_blob_4_word_3_char_00_3_1.png,6,0.8898
cell_r2_c3_blob_4_word_3_char_00_3_2.png,8,0.8533
cell_r2_c6_blob_2_word_1_char_00_1.png,5,0.4935
cell_r2_c6_blob_2_word_1_char_00_2.png,0,0.539
cell_r2_c6_blob_2_word_1_char_01.png,6,0.9146
cell_r2_c6_blob_2_word_1_char_02.png,1,0.9995
cell_r2_c6_blob_2_word_1_char_03.png,1,0.9763
cell_r2_c6_blob_2_word_1_char_04.png,6,0.8804
cell_r2_c6_blob_2_word_1_char_05_1.png,0,0.755
cell_r2_c6_blob_2_word_1_char_05_2.png,6,0.6803
cell_r2_c6_blob_2_word_1_char_06.png,0,0.4625
cell_r2_c6_blob_2_word_2_char_00.png,6,0.9997
cell_r2_c6_blob_2_word_2_char_01.png,6,0.9817
cell_r2_c6_blob_2_word_2_char_02.png,6,0.9963
cell_r2_c6_blob_2_word_2_char_03.png,5,0.9997
cell_r2_c7_blob_1_word_1_char_00.png,6,0.9919
cell_r2_c7_blob_1_word_1_char_01.png,1,0.831
cell_r2_c7_blob_1_word_1_char_02_1.png,6,0.9997
cell_r2_c7_blob_1_word_1_char_02_2.png,6,0.9627
cell_r2_c7_blob_1_word_1_char_03.png,1,0.9456
cell_r2_c7_blob_1_word_1_char_04_1.png,1,0.9579
cell_r2_c7_blob_1_word_1_char_04_2.png,1,0.9599
cell_r2_c7_blob_2_word_1_char_00.png,6,0.9997
cell_r2_c7_blob_2_word_1_char_01_1.png,7,0.9855
cell_r2_c7_blob_2_word_1_char_01_2.png,0,0.7886
cell_r2_c7_blob_2_word_2_char_00_1.png,6,0.9775
cell_r2_c7_blob_2_word_2_char_00_2.png,6,0.7293
cell_r2_c7_blob_2_word_2_char_00_3.png,5,0.9988
cell_r2_c7_blob_2_word_2_char_01.png,3,0.6904
cell_r2_c7_blob_2_word_3_char_00_1.png,0,0.9943
cell_r2_c7_blob_2_word_3_char_00_2.png,0,0.9996
cell_r2_c7_blob_2_word_3_char_00_3.png,5,0.6458
cell_r2_c7_blob_2_word_3_char_01.png,1,0.9966
cell_r3_c11_blob_1_word_1_char_00.png,2,0.7015
cell_r3_c13_blob_1_word_1_char_00.png,1,0.6256
cell_r3_c13_blob_1_word_2_char_00.png,4,0.9727
cell_r3_c14_blob_1_word_1_char_00.png,1,0.8667
cell_r3_c14_blob_1_word_1_char_01.png,7,0.8464
cell_r3_c15_blob_1_word_1_char_00_1.png,7,0.9994
cell_r3_c15_blob_1_word_1_char_00_2.png,7,0.9994
cell_r3_c15_blob_1_word_1_char_00_3.png,7,0.9988
cell_r3_c15_blob_1_word_1_char_01.png,7,0.9974
cell_r3_c15_blob_1_word_1_char_02_1.png,7,0.9996
cell_r3_c15_blob_1_word_1_char_02_2.png,7,0.9995
cell_r3_c15_blob_1_word_1_char_02_3.png,7,0.9995
cell_r3_c15_blob_1_word_1_char_02_3_1.png,7,0.9994
cell_r3_c15_blob_1_word_1_char_02_3_2.png,7,0.9994
cell_r3_c15_blob_1_word_1_char_02_3_3.png,7,0.9909
cell_r3_c15_blob_1_word_1_char_03.png,5,0.6114
cell_r3_c15_blob_1_word_1_char_04.png,6,0.6039
cell_r3_c17_blob_1_word_1_char_00.png,1,0.9982
cell_r3_c17_blob_1_word_1_char_01.png,5,0.9812
cell_r3_c18_blob_1_word_1_char_00_1.png,7,0.9988
cell_r3_c18_blob_1_word_1_char_00_2.png,7,0.9986
cell_r3_c18_blob_1_word_1_char_00_3.png,7,0.9946
cell_r3_c18_blob_1_word_1_char_01_1.png,7,0.9992
cell_r3_c18_blob_1_word_1_char_01_2.png,7,0.9993
cell_r3_c18_blob_1_word_1_char_01_3.png,7,0.998
cell_r3_c18_blob_1_word_1_char_02_1.png,7,0.9766
cell_r3_c18_blob_1_word_1_char_02_2.png,7,0.9951
cell_r3_c18_blob_1_word_1_char_02_3.png,7,0.9944
cell_r3_c18_blob_1_word_2_char_00.png,1,0.972
cell_r3_c18_blob_1_word_2_char_01.png,7,0.6307
cell_r3_c1_blob_1_word_1_char_00.png,2,0.9985
cell_r3_c2_blob_1_word_1_char_00.png,5,0.8776
cell_r3_c3_blob_1_word_1_char_00.png,4,0.6708
cell_r3_c4_blob_1_word_1_char_00.png,7,0.999
cell_r3_c6_blob_1_word_1_char_00.png,7,0.9999
cell_r3_c7_blob_1_word_1_char_00.png,5,0.4644
cell_r3_c8_blob_1_word_1_char_00.png,6,0.4998
cell_r3_c9_blob_1_word_1_char_00.png,7,0.9985
cell_r3_c9_blob_1_word_1_char_01.png,1,0.9849
cell_r3_c9_blob_1_word_1_char_02.png,1,0.9889
cell_r3_c9_blob_1_word_2_char_00.png,1,0.8569
cell_r3_c9_blob_1_word_2_char_01.png,1,0.9741
cell_r4_c0_blob_1_word_1_char_00.png,1,0.9999
cell_r4_c10_blob_1_word_1_char_00.png,5,0.953
cell_r4_c10_blob_1_word_2_char_00.png,7,0.9995
cell_r4_c10_blob_1_word_2_char_01.png,7,0.9999
cell_r4_c10_blob_1_word_2_char_02.png,3,0.9678
cell_r4_c10_blob_1_word_3_char_00.png,4,0.9941
cell_r4_c10_blob_1_word_3_char_01.png,2,1.0
cell_r4_c10_blob_1_word_3_char_02.png,9,0.9823
cell_r4_c10_blob_1_word_3_char_03.png,8,0.9438
cell_r4_c10_blob_1_word_4_char_00.png,3,0.9992
cell_r4_c12_blob_1_word_1_char_00_1.png,1,0.9469
cell_r4_c12_blob_1_word_1_char_00_2.png,4,0.8906
cell_r4_c12_blob_1_word_1_char_01.png,8,0.6226
cell_r4_c12_blob_1_word_1_char_02.png,6,0.9872
cell_r4_c14_blob_1_word_1_char_00.png,3,0.5903
cell_r4_c14_blob_1_word_2_char_00.png,1,0.997
cell_r4_c14_blob_1_word_2_char_01.png,2,0.9102
cell_r4_c14_blob_1_word_2_char_02.png,5,0.9999
cell_r4_c14_blob_1_word_3_char_00.png,1,0.9984
cell_r4_c14_blob_1_word_3_char_01.png,1,0.5091
cell_r4_c14_blob_1_word_3_char_02.png,5,0.9999
cell_r4_c14_blob_1_word_3_char_03.png,6,0.9851
cell_r4_c14_blob_1_word_3_char_04.png,2,0.9992
cell_r4_c14_blob_1_word_4_char_00.png,6,0.9911
cell_r4_c14_blob_1_word_4_char_01.png,2,0.9993
cell_r4_c16_blob_1_word_1_char_00.png,2,1.0
cell_r4_c16_blob_1_word_1_char_01.png,7,0.9995
cell_r4_c17_blob_1_word_1_char_00.png,1,0.9997
cell_r4_c17_blob_1_word_1_char_01.png,5,0.9842
cell_r4_c17_blob_1_word_2_char_00.png,9,0.9378
cell_r4_c17_blob_1_word_3_char_00.png,0,0.9949
cell_r4_c17_blob_1_word_3_char_01.png,5,0.9978
cell_r4_c17_blob_1_word_4_char_00.png,3,0.9985
cell_r4_c17_blob_1_word_4_char_01.png,3,0.979
cell_r4_c17_blob_1_word_4_char_02.png,2,0.7389
cell_r4_c17_blob_1_word_4_char_03.png,1,0.9996
cell_r4_c17_blob_1_word_5_char_00.png,0,0.9999
cell_r4_c18_blob_1_word_1_char_00.png,8,0.9996
cell_r4_c18_blob_1_word_2_char_00.png,6,0.9977
cell_r4_c18_blob_1_word_2_char_01.png,3,0.8804
cell_r4_c18_blob_1_word_2_char_02.png,6,0.9987
cell_r4_c18_blob_1_word_3_char_00.png,3,0.7553
cell_r4_c18_blob_1_word_3_char_01.png,6,0.9233
cell_r4_c18_blob_1_word_3_char_02.png,6,0.7045
cell_r4_c18_blob_1_word_3_char_03.png,2,0.9999
cell_r4_c1_blob_1_word_1_char_00.png,6,0.9412
cell_r4_c1_blob_1_word_1_char_01_1.png,8,0.9931
cell_r4_c1_blob_1_word_1_char_01_1_1.png,1,0.9901
cell_r4_c1_blob_1_word_1_char_01_1_2.png,6,0.9954
cell_r4_c1_blob_1_word_1_char_01_2.png,6,0.9848
cell_r4_c1_blob_1_word_1_char_01_2_1.png,6,0.9934
cell_r4_c1_blob_1_word_1_char_01_2_2.png,6,0.9075
cell_r4_c1_blob_1_word_1_char_01_3.png,0,0.9953
cell_r4_c1_blob_1_word_1_char_01_3_1.png,0,0.4446
cell_r4_c1_blob_1_word_1_char_01_3_2.png,6,0.7036
cell_r4_c1_blob_1_word_1_char_02_1.png,1,0.6617
cell_r4_c1_blob_1_word_1_char_02_2.png,5,0.7066
cell_r4_c1_blob_1_word_1_char_03.png,6,0.9569
cell_r4_c1_blob_1_word_1_char_04.png,1,0.9899
cell_r4_c1_blob_1_word_1_char_05.png,1,0.9446
cell_r4_c1_blob_1_word_1_char_06.png,9,0.5772
cell_r4_c1_blob_1_word_1_char_07.png,6,0.7817
cell_r4_c1_blob_1_word_2_char_00.png,5,0.5152
cell_r4_c1_blob_1_word_2_char_01.png,9,0.577
cell_r4_c1_blob_1_word_2_char_02.png,1,0.9973
cell_r4_c1_blob_1_word_2_char_03.png,1,0.8661
cell_r4_c1_blob_1_word_2_char_04.png,9,0.953
cell_r4_c1_blob_1_word_2_char_05.png,6,0.9097
cell_r4_c1_blob_1_word_2_char_06_1.png,6,0.9958
cell_r4_c1_blob_1_word_2_char_06_2.png,1,0.9362
cell_r4_c1_blob_1_word_2_char_06_3.png,6,0.984
cell_r4_c1_blob_1_word_2_char_07_1.png,6,0.9987
cell_r4_c1_blob_1_word_2_char_07_2.png,0,0.9351
cell_r4_c1_blob_1_word_2_char_07_3.png,6,0.98
cell_r4_c1_blob_1_word_3_char_00.png,6,0.9979
cell_r4_c1_blob_1_word_3_char_01.png,6,0.9757
cell_r4_c1_blob_1_word_3_char_02_1.png,2,0.2754
cell_r4_c1_blob_1_word_3_char_02_2.png,5,0.8546
cell_r4_c1_blob_1_word_3_char_03_1.png,6,0.9706
cell_r4_c1_blob_1_word_3_char_03_1_1.png,1,0.679
cell_r4_c1_blob_1_word_3_char_03_1_2.png,1,0.9822
cell_r4_c1_blob_1_word_3_char_03_2.png,9,0.8742
cell_r4_c1_blob_1_word_3_char_03_3.png,8,0.6239
cell_r4_c1_blob_1_word_3_char_03_3_1.png,1,0.9806
cell_r4_c1_blob_1_word_3_char_03_3_2.png,1,0.976
cell_r4_c1_blob_1_word_3_char_04_1.png,1,0.9995
cell_r4_c1_blob_1_word_3_char_04_2.png,7,0.5968
cell_r4_c1_blob_1_word_3_char_05_1.png,6,0.53
cell_r4_c1_blob_1_word_3_char_05_2.png,3,0.933
cell_r4_c1_blob_1_word_3_char_05_3.png,3,0.9909
cell_r4_c1_blob_1_word_3_char_06_1.png,6,0.4337
cell_r4_c1_blob_1_word_3_char_06_2.png,1,0.7276
cell_r4_c1_blob_1_word_3_char_07.png,6,0.9971
cell_r4_c1_blob_1_word_3_char_08.png,6,0.9937
cell_r4_c1_blob_1_word_4_char_00_1.png,9,0.7188
cell_r4_c1_blob_1_word_4_char_00_2.png,6,0.9655
cell_r4_c1_blob_1_word_4_char_01.png,5,0.8597
cell_r4_c1_blob_1_word_4_char_02.png,6,0.9917
cell_r4_c1_blob_1_word_4_char_03_1.png,6,0.9939
cell_r4_c1_blob_1_word_4_char_03_2.png,8,0.5331
cell_r4_c1_blob_1_word_4_char_04.png,6,0.9638
cell_r4_c1_blob_1_word_4_char_05_1.png,6,0.9638
cell_r4_c1_blob_1_word_4_char_05_2.png,3,0.856
cell_r4_c1_blob_1_word_4_char_05_3.png,5,0.7271
cell_r4_c1_blob_1_word_4_char_06.png,1,0.944
cell_r4_c1_blob_1_word_4_char_07.png,1,0.9971
cell_r4_c1_blob_1_word_4_char_08.png,6,0.9982
cell_r4_c1_blob_1_word_4_char_09.png,6,0.9551
cell_r4_c1_blob_1_word_5_char_00.png,7,1.0
cell_r4_c1_blob_1_word_5_char_01.png,1,0.8409
cell_r4_c1_blob_1_word_5_char_02.png,1,1.0
cell_r4_c1_blob_1_word_6_char_00.png,6,0.9846
cell_r4_c5_blob_1_word_1_char_00.png,3,0.9939
cell_r4_c6_blob_1_word_1_char_00.png,5,0.9959
cell_r4_c6_blob_1_word_2_char_00.png,4,0.9938
cell_r4_c6_blob_1_word_2_char_01.png,5,0.6422
cell_r4_c6_blob_1_word_3_char_00.png,5,0.9964
cell_r4_c6_blob_1_word_3_char_01.png,4,0.9289
cell_r4_c6_blob_1_word_4_char_00.png,0,0.934
cell_r4_c6_blob_1_word_5_char_00.png,7,0.9797
cell_r4_c6_blob_1_word_5_char_01.png,5,0.845
cell_r4_c6_blob_1_word_5_char_02.png,0,0.9987
cell_r4_c7_blob_1_word_1_char_00.png,1,1.0
cell_r4_c7_blob_1_word_1_char_01.png,5,0.8998
cell_r4_c7_blob_1_word_2_char_00.png,5,0.9915
cell_r4_c7_blob_1_word_2_char_01.png,2,0.9757
cell_r4_c7_blob_1_word_2_char_02.png,6,0.7481
cell_r4_c7_blob_1_word_3_char_00.png,5,0.7608
cell_r4_c7_blob_1_word_3_char_01_1.png,4,0.9621
cell_r4_c7_blob_1_word_3_char_01_2.png,5,0.9771
cell_r4_c7_blob_1_word_3_char_02.png,1,0.7329
cell_r4_c7_blob_1_word_3_char_03.png,5,0.9985
cell_r4_c9_blob_1_word_1_char_00.png,1,0.9999
cell_r4_c9_blob_1_word_2_char_00.png,2,1.0
cell_r5_c0_blob_1_word_1_char_00.png,2,0.9927
cell_r5_c1_blob_1_word_1_char_00.png,7,0.9229
cell_r5_c1_blob_1_word_1_char_01.png,8,0.6423
cell_r5_c1_blob_1_word_1_char_02_1.png,3,0.9422
cell_r5_c1_blob_1_word_1_char_02_2.png,7,0.9994
cell_r5_c1_blob_1_word_1_char_02_3.png,4,0.589
cell_r5_c1_blob_1_word_1_char_03.png,6,0.6127
cell_r5_c1_blob_1_word_2_char_00_1.png,1,0.9842
cell_r5_c1_blob_1_word_2_char_00_2.png,1,0.563
cell_r5_c1_blob_1_word_2_char_01_1.png,1,0.8697
cell_r5_c1_blob_1_word_2_char_01_2.png,6,0.9303
cell_r5_c1_blob_1_word_2_char_02.png,7,0.6141
cell_r5_c1_blob_1_word_2_char_03_1.png,6,0.9949
cell_r5_c1_blob_1_word_2_char_03_2.png,0,0.5646
cell_r5_c1_blob_1_word_2_char_03_3.png,6,0.7451
cell_r5_c1_blob_1_word_3_char_00.png,6,0.996
cell_r5_c1_blob_1_word_3_char_01.png,6,0.7711
cell_r5_c1_blob_1_word_3_char_02.png,1,0.6773
cell_r5_c1_blob_1_word_3_char_03.png,6,0.8967
cell_r5_c1_blob_1_word_3_char_04_1.png,7,0.6189
cell_r5_c1_blob_1_word_3_char_04_2.png,6,0.3536
cell_r5_c1_blob_1_word_3_char_05.png,7,0.9905
cell_r5_c1_blob_1_word_3_char_06.png,8,0.4484
cell_r5_c1_blob_1_word_3_char_07.png,6,0.9833
cell_r5_c1_blob_1_word_3_char_08.png,6,0.9562
cell_r5_c1_blob_1_word_3_char_09.png,6,0.7874
cell_r5_c1_blob_1_word_3_char_10.png,7,0.9823
cell_r5_c1_blob_1_word_3_char_11.png,1,0.5881
cell_r5_c1_blob_1_word_3_char_12_1.png,1,0.768
cell_r5_c1_blob_1_word_3_char_12_2.png,1,0.7059
cell_r5_c1_blob_1_word_3_char_13.png,6,0.8198
cell_r5_c1_blob_1_word_4_char_00_1.png,7,0.6828
cell_r5_c1_blob_1_word_4_char_00_2.png,1,0.9733
cell_r5_c1_blob_1_word_5_char_00_1.png,6,0.9911
cell_r5_c1_blob_1_word_5_char_00_2.png,6,0.9955
cell_r5_c1_blob_1_word_5_char_00_2_1.png,1,0.6517
cell_r5_c1_blob_1_word_5_char_00_2_2.png,7,0.9984
cell_r5_c1_blob_1_word_5_char_01_1.png,1,0.9999
cell_r5_c1_blob_1_word_5_char_01_2.png,7,0.9177
cell_r5_c1_blob_1_word_5_char_02.png,6,0.9843
cell_r5_c1_blob_1_word_5_char_03.png,6,0.8673
cell_r5_c1_blob_1_word_5_char_04.png,6,0.8266
cell_r5_c1_blob_1_word_5_char_05.png,1,0.9119
cell_r5_c1_blob_1_word_6_char_00.png,6,0.9823
cell_r5_c1_blob_1_word_6_char_01.png,3,0.5918
cell_r5_c1_blob_1_word_7_char_00_1.png,5,0.9718
cell_r5_c1_blob_1_word_7_char_00_2.png,5,0.5661
cell_r5_c1_blob_1_word_7_char_01_1.png,7,0.7872
cell_r5_c1_blob_1_word_7_char_01_2.png,7,0.9993
cell_r5_c1_blob_1_word_7_char_02_1.png,1,1.0
cell_r5_c1_blob_1_word_7_char_02_2.png,9,0.9667
cell_r5_c1_blob_1_word_7_char_03_1.png,7,0.502
cell_r5_c1_blob_1_word_7_char_03_2.png,0,0.8096
cell_r5_c1_blob_1_word_7_char_04.png,6,0.8214
cell_r5_c1_blob_1_word_7_char_05_1.png,1,0.9287
cell_r5_c1_blob_1_word_7_char_05_2.png,6,0.5913
cell_r5_c1_blob_1_word_7_char_06.png,6,0.9646
cell_r5_c1_blob_1_word_7_char_07.png,6,0.5567
cell_r5_c1_blob_1_word_7_char_08.png,3,0.4895
cell_r5_c1_blob_1_word_8_char_00.png,6,0.991
cell_r5_c1_blob_1_word_8_char_01.png,5,0.991
cell_r5_c1_blob_1_word_9_char_00.png,6,0.9638
cell_r5_c1_blob_1_word_9_char_01.png,7,0.9599
cell_r5_c1_blob_1_word_9_char_02.png,4,0.5127
cell_r5_c1_blob_1_word_9_char_03.png,1,1.0
cell_r5_c1_blob_1_word_9_char_04.png,6,0.7657
cell_r5_c1_blob_1_word_9_char_05_1.png,7,0.4538
cell_r5_c1_blob_1_word_9_char_05_2.png,1,0.9971
cell_r5_c1_blob_1_word_9_char_06.png,6,0.9913
cell_r6_c10_blob_1_word_1_char_00.png,7,0.8203
cell_r6_c10_blob_1_word_1_char_01.png,6,0.9823
cell_r6_c10_blob_1_word_1_char_02.png,5,0.9588
cell_r6_c10_blob_1_word_2_char_00.png,6,0.9939
cell_r6_c10_blob_1_word_2_char_01.png,1,0.9598
cell_r6_c10_blob_1_word_2_char_02.png,6,0.9528
cell_r6_c10_blob_1_word_2_char_03.png,1,0.693
cell_r6_c10_blob_1_word_2_char_04.png,1,0.8976
cell_r6_c10_blob_1_word_2_char_05.png,6,0.8298
cell_r6_c13_blob_1_word_1_char_00.png,9,0.7748
cell_r6_c14_blob_1_word_1_char_00.png,5,0.4914
cell_r6_c14_blob_1_word_1_char_01.png,0,0.9993
cell_r6_c14_blob_1_word_1_char_02.png,5,0.7907
cell_r6_c14_blob_1_word_1_char_03.png,5,0.9961
cell_r6_c14_blob_1_word_1_char_04.png,2,1.0
cell_r6_c14_blob_1_word_1_char_05.png,9,0.6635
cell_r6_c14_blob_1_word_1_char_06.png,5,0.9876
cell_r6_c14_blob_1_word_1_char_07.png,1,0.9927
cell_r6_c14_blob_1_word_1_char_08.png,3,0.9773
cell_r6_c14_blob_1_word_1_char_09.png,5,0.9408
cell_r6_c14_blob_1_word_2_char_00.png,2,1.0
cell_r6_c14_blob_1_word_2_char_01.png,6,0.4794
cell_r6_c14_blob_1_word_2_char_02.png,5,0.9967
cell_r6_c14_blob_1_word_2_char_03.png,1,0.9782
cell_r6_c14_blob_1_word_3_char_00.png,1,0.8156
cell_r6_c14_blob_1_word_3_char_01.png,6,0.4742
cell_r6_c15_blob_1_word_1_char_00.png,6,0.8699
cell_r6_c15_blob_1_word_2_char_00.png,6,0.5693
cell_r6_c15_blob_1_word_2_char_01.png,3,0.996
cell_r6_c15_blob_1_word_3_char_00.png,5,0.2507
cell_r6_c15_blob_1_word_3_char_01.png,7,0.9609
cell_r6_c15_blob_1_word_3_char_02.png,6,0.9998
cell_r6_c15_blob_1_word_4_char_00.png,7,0.9967
cell_r6_c15_blob_1_word_4_char_01.png,3,0.9974
cell_r6_c15_blob_1_word_4_char_02.png,0,0.9992
cell_r6_c16_blob_1_word_1_char_00.png,1,0.949
cell_r6_c16_blob_1_word_1_char_01.png,6,0.9576
cell_r6_c16_blob_1_word_2_char_00.png,6,0.9689
cell_r6_c17_blob_1_word_1_char_00.png,1,0.9999
cell_r6_c17_blob_1_word_1_char_01.png,1,0.9965
cell_r6_c17_blob_1_word_1_char_02.png,5,0.9992
cell_r6_c17_blob_1_word_1_char_03.png,2,1.0
cell_r6_c17_blob_1_word_1_char_04.png,5,0.588
cell_r6_c17_blob_1_word_1_char_05.png,2,0.9972
cell_r6_c17_blob_1_word_1_char_06.png,5,0.6192
cell_r6_c17_blob_1_word_1_char_07.png,0,0.998
cell_r6_c17_blob_1_word_1_char_08.png,3,0.9268
cell_r6_c17_blob_1_word_1_char_09.png,0,0.9941
cell_r6_c18_blob_1_word_1_char_00.png,1,0.9922
cell_r6_c18_blob_1_word_2_char_00.png,3,0.7689
cell_r6_c18_blob_1_word_3_char_00.png,1,0.9532
cell_r6_c18_blob_1_word_3_char_01.png,7,0.5912
cell_r6_c18_blob_1_word_3_char_02.png,1,1.0
cell_r6_c18_blob_1_word_4_char_00.png,3,0.9521
cell_r6_c18_blob_1_word_5_char_00.png,6,0.6858
cell_r6_c18_blob_1_word_5_char_01.png,7,0.9989
cell_r6_c18_blob_1_word_5_char_02.png,6,0.9992
cell_r6_c18_blob_1_word_6_char_00.png,6,0.9994
cell_r6_c18_blob_1_word_6_char_01.png,6,0.6301
cell_r6_c18_blob_1_word_7_char_00.png,5,0.9335
cell_r6_c18_blob_1_word_7_char_01.png,6,0.6957
cell_r6_c1_blob_1_word_1_char_00.png,1,0.976
cell_r6_c1_blob_1_word_1_char_01.png,6,0.9979
cell_r6_c1_blob_1_word_1_char_02.png,1,0.5908
cell_r6_c1_blob_1_word_1_char_03.png,1,0.9554
cell_r6_c1_blob_1_word_1_char_04.png,1,0.8342
cell_r6_c1_blob_1_word_1_char_05.png,7,0.8483
cell_r6_c1_blob_1_word_1_char_06.png,7,0.9683
cell_r6_c1_blob_1_word_1_char_07.png,6,0.9783
cell_r6_c1_blob_1_word_1_char_08.png,7,0.6536
cell_r6_c1_blob_1_word_1_char_08_1.png,6,0.9899
cell_r6_c1_blob_1_word_1_char_08_2.png,1,0.9839
cell_r6_c1_blob_1_word_1_char_09.png,6,0.9909
cell_r6_c1_blob_1_word_1_char_10.png,1,0.8878
cell_r6_c1_blob_1_word_1_char_11.png,6,0.2929
cell_r6_c1_blob_1_word_1_char_12.png,6,0.9822
cell_r6_c1_blob_1_word_2_char_00.png,6,0.7014
cell_r6_c1_blob_1_word_2_char_01.png,0,0.8851
cell_r6_c1_blob_1_word_2_char_02.png,6,0.9406
cell_r6_c1_blob_1_word_2_char_03.png,7,0.7308
cell_r6_c1_blob_1_word_2_char_04_1.png,6,0.9395
cell_r6_c1_blob_1_word_2_char_04_1_1.png,1,0.9908
cell_r6_c1_blob_1_word_2_char_04_1_2.png,6,0.4491
cell_r6_c1_blob_1_word_2_char_04_2.png,0,0.9601
cell_r6_c1_blob_1_word_2_char_04_2_1.png,0,0.8724
cell_r6_c1_blob_1_word_2_char_04_2_2.png,0,0.7524
cell_r6_c1_blob_1_word_2_char_04_3.png,0,0.8091
cell_r6_c1_blob_1_word_2_char_05.png,1,0.999
cell_r6_c1_blob_1_word_2_char_06.png,2,0.981
cell_r6_c1_blob_1_word_2_char_07.png,7,0.9514
cell_r6_c1_blob_1_word_2_char_08.png,1,0.9986
cell_r6_c1_blob_1_word_2_char_08_1.png,1,0.9774
cell_r6_c1_blob_1_word_2_char_08_2.png,7,0.9794
cell_r6_c1_blob_1_word_2_char_09_1.png,1,0.9855
cell_r6_c1_blob_1_word_2_char_09_2.png,7,0.9658
cell_r6_c1_blob_1_word_2_char_10.png,2,0.4649
cell_r6_c1_blob_1_word_2_char_10_1.png,3,0.7152
cell_r6_c1_blob_1_word_2_char_10_2_1.png,3,0.9711
cell_r6_c1_blob_1_word_2_char_10_2_2.png,6,0.9705
cell_r6_c1_blob_1_word_2_char_10_3_1.png,6,0.8458
cell_r6_c1_blob_1_word_2_char_10_3_2.png,1,0.7812
cell_r6_c1_blob_1_word_2_char_11_1.png,3,0.6744
cell_r6_c1_blob_1_word_2_char_11_2.png,6,0.9241
cell_r6_c1_blob_1_word_2_char_11_3.png,6,0.8916
cell_r6_c1_blob_1_word_2_char_12.png,1,0.933
cell_r6_c1_blob_1_word_2_char_13.png,1,0.998
cell_r6_c1_blob_1_word_2_char_14.png,0,0.9991
cell_r6_c4_blob_1_word_1_char_00.png,6,0.9834
cell_r6_c4_blob_1_word_1_char_01.png,0,0.8346
cell_r6_c4_blob_1_word_1_char_01_1.png,1,0.8142
cell_r6_c4_blob_1_word_1_char_01_2.png,1,0.5194
cell_r6_c4_blob_1_word_1_char_02.png,5,0.5444
cell_r6_c4_blob_1_word_1_char_03.png,5,0.8741
cell_r6_c5_blob_1_word_1_char_00.png,1,0.9999
cell_r6_c7_blob_1_word_1_char_00.png,2,0.3736
cell_r6_c7_blob_1_word_1_char_01.png,1,0.9999
cell_r6_c7_blob_1_word_2_char_00.png,7,1.0
cell_r6_c7_blob_1_word_3_char_00.png,6,0.9976
cell_r6_c7_blob_1_word_3_char_01.png,1,0.3565
cell_r6_c7_blob_1_word_3_char_02.png,0,1.0
cell_r6_c7_blob_1_word_4_char_00.png,7,0.811
cell_r6_c7_blob_1_word_4_char_01.png,1,0.4691
cell_r6_c7_blob_1_word_4_char_02.png,1,0.9761
cell_r6_c8_blob_1_word_1_char_00_1.png,1,0.9995
cell_r6_c8_blob_1_word_1_char_00_2.png,7,0.6415
cell_r6_c8_blob_1_word_1_char_01.png,7,0.9918
cell_r6_c8_blob_1_word_1_char_02_1.png,1,0.9603
cell_r6_c8_blob_1_word_1_char_02_2.png,6,0.6022
cell_r6_c8_blob_1_word_1_char_03.png,7,0.5327
cell_r6_c8_blob_1_word_1_char_04.png,7,0.8263
cell_r6_c9_blob_1_word_1_char_00.png,5,0.5767
cell_r7_c0_blob_1_word_1_char_00.png,2,0.9958
cell_r7_c0_blob_1_word_1_char_01.png,2,0.9996
cell_r7_c0_blob_1_word_2_char_00.png,2,0.9996
cell_r7_c10_blob_1_word_1_char_00.png,5,0.6277
cell_r7_c10_blob_1_word_1_char_01.png,1,0.9986
cell_r7_c10_blob_1_word_2_char_00.png,6,0.9708
cell_r7_c10_blob_1_word_2_char_01.png,4,1.0
cell_r7_c10_blob_1_word_2_char_02.png,0,1.0
cell_r7_c10_blob_1_word_3_char_00.png,7,0.9988
cell_r7_c10_blob_1_word_3_char_01.png,5,0.9997
cell_r7_c10_blob_1_word_3_char_02.png,5,0.9988
cell_r7_c10_blob_1_word_3_char_03.png,5,0.9783
cell_r7_c10_blob_1_word_3_char_04.png,1,0.8495
cell_r7_c10_blob_1_word_3_char_05.png,4,0.9979
cell_r7_c13_blob_1_word_1_char_00.png,1,0.9957
cell_r7_c15_blob_1_word_1_char_00.png,5,0.9822
cell_r7_c15_blob_1_word_1_char_01.png,5,0.9993
cell_r7_c15_blob_1_word_2_char_00.png,7,1.0
cell_r7_c15_blob_1_word_2_char_01.png,2,0.547
cell_r7_c15_blob_1_word_2_char_02.png,0,0.9996
cell_r7_c15_blob_1_word_3_char_00.png,5,0.9262
cell_r7_c15_blob_1_word_3_char_00_1.png,5,0.9662
cell_r7_c15_blob_1_word_3_char_00_2.png,5,0.3514
cell_r7_c15_blob_1_word_3_char_01.png,9,0.5191
cell_r7_c15_blob_1_word_3_char_02.png,5,0.7653
cell_r7_c15_blob_1_word_3_char_03.png,3,0.9909
cell_r7_c15_blob_1_word_3_char_04.png,7,1.0
cell_r7_c16_blob_1_word_1_char_00.png,2,0.9996
cell_r7_c17_blob_1_word_1_char_00.png,3,0.4856
cell_r7_c17_blob_1_word_2_char_00.png,6,1.0
cell_r7_c17_blob_1_word_2_char_01.png,8,0.8735
cell_r7_c17_blob_1_word_3_char_00.png,1,0.5982
cell_r7_c17_blob_1_word_3_char_01.png,0,0.8423
cell_r7_c17_blob_1_word_3_char_02.png,1,1.0
cell_r7_c17_blob_1_word_4_char_00.png,5,0.9966
cell_r7_c17_blob_1_word_4_char_01.png,4,0.9347
cell_r7_c17_blob_1_word_4_char_02.png,4,0.9986
cell_r7_c17_blob_1_word_4_char_03.png,4,0.9996
cell_r7_c17_blob_1_word_4_char_04.png,1,1.0
cell_r7_c18_blob_1_word_1_char_00.png,2,0.9999
cell_r7_c18_blob_1_word_1_char_01.png,0,0.7327
cell_r7_c18_blob_1_word_1_char_02.png,2,0.9994
cell_r7_c18_blob_1_word_2_char_00.png,3,0.8152
cell_r7_c18_blob_1_word_2_char_01.png,2,0.9763
cell_r7_c18_blob_1_word_2_char_01_1.png,5,0.902
cell_r7_c18_blob_1_word_2_char_01_2.png,5,0.9974
cell_r7_c18_blob_1_word_2_char_02.png,0,0.9876
cell_r7_c18_blob_1_word_3_char_00.png,3,0.9956
cell_r7_c18_blob_1_word_3_char_01.png,5,0.9042
cell_r7_c18_blob_1_word_4_char_00.png,5,0.7611
cell_r7_c18_blob_1_word_4_char_01.png,2,1.0
cell_r7_c18_blob_1_word_4_char_02.png,5,0.9992
cell_r7_c6_blob_1_word_1_char_00.png,7,0.7158
cell_r7_c6_blob_1_word_2_char_00.png,7,1.0
cell_r7_c6_blob_1_word_3_char_00.png,2,1.0
cell_r7_c6_blob_1_word_3_char_01.png,0,0.9998
cell_r7_c6_blob_1_word_3_char_02.png,6,0.7358
cell_r7_c6_blob_1_word_4_char_00.png,6,0.9452
cell_r7_c6_blob_1_word_4_char_01.png,1,0.9543
cell_r7_c6_blob_1_word_5_char_00.png,2,0.9998
cell_r7_c6_blob_1_word_5_char_01.png,6,0.5361
cell_r8_c0_blob_1_word_1_char_00.png,2,0.9534
cell_r8_c0_blob_1_word_1_char_01.png,2,0.4455
cell_r8_c0_blob_1_word_2_char_00.png,3,0.9936
cell_r8_c10_blob_1_word_1_char_00.png,2,1.0
cell_r8_c10_blob_1_word_1_char_01.png,1,0.5731
cell_r8_c10_blob_1_word_1_char_02.png,3,0.9993
cell_r8_c12_blob_1_word_1_char_00_1.png,3,0.9963
cell_r8_c12_blob_1_word_1_char_00_2.png,4,0.9975
cell_r8_c12_blob_1_word_2_char_00.png,3,1.0
cell_r8_c12_blob_1_word_2_char_01.png,4,0.9999
cell_r8_c12_blob_1_word_2_char_02.png,6,0.9307
cell_r8_c12_blob_1_word_3_char_00.png,9,0.9937
cell_r8_c12_blob_1_word_3_char_01.png,4,0.8488
cell_r8_c12_blob_1_word_4_char_00.png,2,1.0
cell_r8_c12_blob_1_word_4_char_01.png,2,0.9995
cell_r8_c12_blob_1_word_4_char_02.png,5,0.6573
cell_r8_c14_blob_1_word_1_char_00.png,2,0.5164
cell_r8_c14_blob_1_word_1_char_01.png,7,0.999
cell_r8_c14_blob_1_word_1_char_02.png,5,0.9999
cell_r8_c15_blob_1_word_1_char_00.png,7,0.9994
cell_r8_c15_blob_1_word_1_char_01.png,2,0.5589
cell_r8_c15_blob_1_word_1_char_02.png,3,0.9961
cell_r8_c15_blob_1_word_1_char_03.png,3,0.9859
cell_r8_c15_blob_1_word_2_char_00.png,3,0.9997
cell_r8_c15_blob_1_word_2_char_01.png,2,0.486
cell_r8_c15_blob_1_word_2_char_01_1.png,5,0.9323
cell_r8_c15_blob_1_word_2_char_01_2.png,2,0.9175
cell_r8_c15_blob_1_word_2_char_02.png,2,0.9653
cell_r8_c15_blob_1_word_2_char_03.png,2,0.3656
cell_r8_c15_blob_1_word_2_char_04.png,9,0.6018
cell_r8_c16_blob_1_word_1_char_00.png,3,0.999
cell_r8_c16_blob_1_word_1_char_01.png,5,0.926
cell_r8_c16_blob_1_word_2_char_00.png,6,0.9905
cell_r8_c16_blob_1_word_2_char_01.png,7,0.9997
cell_r8_c16_blob_1_word_2_char_02.png,4,0.9584
cell_r8_c16_blob_1_word_3_char_00.png,1,0.7638
cell_r8_c16_blob_1_word_3_char_01.png,0,0.4862
cell_r8_c16_blob_1_word_3_char_02.png,2,0.9905
cell_r8_c16_blob_1_word_4_char_00.png,0,0.9996
cell_r8_c16_blob_1_word_5_char_00.png,0,0.9951
cell_r8_c17_blob_1_word_1_char_00_1.png,5,0.9989
cell_r8_c17_blob_1_word_1_char_00_2.png,4,0.9975
cell_r8_c17_blob_1_word_1_char_01.png,5,0.5245
cell_r8_c18_blob_1_word_1_char_00.png,7,0.9986
cell_r8_c18_blob_1_word_1_char_01.png,1,0.9999
cell_r8_c18_blob_1_word_2_char_00_1.png,0,0.9935
cell_r8_c18_blob_1_word_2_char_00_2.png,2,0.9526
cell_r8_c18_blob_1_word_2_char_01.png,0,0.9317
cell_r8_c18_blob_1_word_3_char_00.png,5,0.9988
cell_r8_c18_blob_1_word_3_char_01.png,3,0.9845
cell_r8_c18_blob_1_word_3_char_02.png,6,0.4679
cell_r8_c18_blob_1_word_3_char_03.png,2,0.9998
cell_r8_c18_blob_1_word_3_char_04.png,0,0.9933
cell_r8_c19_blob_1_word_1_char_00.png,3,0.9894
cell_r8_c19_blob_1_word_1_char_01.png,5,0.9999
cell_r8_c19_blob_1_word_2_char_00.png,2,0.8377
cell_r8_c19_blob_1_word_2_char_01.png,7,0.3372
cell_r8_c19_blob_1_word_2_char_02.png,4,0.9998
cell_r8_c19_blob_1_word_3_char_00_1.png,6,0.6966
cell_r8_c19_blob_1_word_3_char_00_2.png,4,0.9832
cell_r8_c19_blob_1_word_4_char_00.png,1,1.0
cell_r8_c19_blob_1_word_5_char_00.png,0,0.961
cell_r8_c19_blob_1_word_5_char_01.png,4,0.9742
cell_r8_c1_blob_1_word_1_char_00.png,5,0.9613
cell_r8_c1_blob_1_word_1_char_01_1.png,6,0.9499
cell_r8_c1_blob_1_word_1_char_01_2.png,0,1.0
cell_r8_c1_blob_1_word_1_char_01_3.png,5,0.9783
cell_r8_c1_blob_1_word_1_char_02.png,5,0.6882
cell_r8_c1_blob_1_word_1_char_03_1.png,6,0.758
cell_r8_c1_blob_1_word_1_char_03_2.png,7,0.9967
cell_r8_c1_blob_1_word_1_char_04.png,1,0.5243
cell_r8_c1_blob_1_word_1_char_05.png,8,0.5022
cell_r8_c1_blob_1_word_2_char_00.png,6,0.8399
cell_r8_c1_blob_1_word_2_char_01.png,5,0.5635
cell_r8_c1_blob_1_word_2_char_02_1.png,1,0.3412
cell_r8_c1_blob_1_word_2_char_02_2.png,5,0.7782
cell_r8_c1_blob_1_word_2_char_03.png,6,0.8549
cell_r8_c1_blob_1_word_2_char_04.png,6,0.7193
cell_r8_c1_blob_1_word_2_char_05.png,1,0.9916
cell_r8_c1_blob_1_word_2_char_06.png,6,0.9141
cell_r8_c1_blob_1_word_3_char_00.png,1,0.7918
cell_r8_c1_blob_1_word_3_char_01.png,5,0.998
cell_r8_c1_blob_1_word_3_char_02.png,3,0.8559
cell_r8_c1_blob_1_word_3_char_03_1.png,1,0.9993
cell_r8_c1_blob_1_word_3_char_03_2.png,4,0.9834
cell_r8_c1_blob_1_word_3_char_04.png,3,0.4082
cell_r8_c1_blob_1_word_3_char_05.png,2,0.9945
cell_r8_c1_blob_1_word_3_char_06.png,2,0.7342
cell_r8_c1_blob_1_word_3_char_06_1.png,1,0.93
cell_r8_c1_blob_1_word_3_char_06_2.png,6,0.9916
cell_r8_c1_blob_1_word_3_char_07_1.png,1,0.9074
cell_r8_c1_blob_1_word_3_char_07_2.png,6,0.9912
cell_r8_c1_blob_1_word_3_char_08.png,1,0.7733
cell_r8_c1_blob_1_word_3_char_09.png,7,0.761
cell_r8_c1_blob_1_word_3_char_10.png,6,0.7378
cell_r8_c1_blob_1_word_3_char_11.png,7,0.8587
cell_r8_c1_blob_1_word_4_char_00.png,6,0.7036
cell_r8_c4_blob_1_word_1_char_00.png,7,0.9886
cell_r8_c4_blob_1_word_1_char_01_1.png,7,0.9999
cell_r8_c4_blob_1_word_1_char_01_2.png,7,0.8142
cell_r8_c6_blob_1_word_1_char_00.png,1,0.7083
cell_r8_c6_blob_1_word_1_char_01.png,6,0.9515
cell_r8_c6_blob_1_word_1_char_02.png,6,0.9992
cell_r8_c6_blob_1_word_1_char_03_1.png,9,0.5623
cell_r8_c6_blob_1_word_1_char_03_2.png,0,0.7383
cell_r8_c6_blob_1_word_1_char_04.png,6,0.994
cell_r8_c6_blob_1_word_1_char_05.png,1,0.9677
cell_r8_c6_blob_1_word_1_char_06.png,2,0.9894
cell_r8_c7_blob_1_word_1_char_00.png,0,0.9897
cell_r8_c7_blob_1_word_1_char_01.png,7,0.9493
cell_r8_c7_blob_1_word_1_char_02.png,5,0.9989
cell_r8_c7_blob_1_word_1_char_03.png,0,1.0
cell_r9_c0_blob_1_word_1_char_00.png,3,0.928
cell_r9_c1_blob_1_word_1_char_00.png,6,0.7011
cell_r9_c1_blob_1_word_1_char_01.png,6,0.7866
cell_r9_c1_blob_1_word_2_char_00_1.png,1,0.9996
cell_r9_c1_blob_1_word_2_char_00_2.png,6,0.7758
cell_r9_c1_blob_1_word_2_char_01_1.png,6,0.9984
cell_r9_c1_blob_1_word_2_char_01_2.png,1,0.287
cell_r9_c1_blob_1_word_2_char_01_3.png,4,0.9871
cell_r9_c1_blob_1_word_2_char_02.png,1,0.9995
cell_r9_c1_blob_1_word_3_char_00_1.png,1,0.998
cell_r9_c1_blob_1_word_3_char_00_2.png,4,0.7904
cell_r9_c1_blob_1_word_3_char_01.png,6,0.5417
cell_r9_c1_blob_1_word_3_char_02_1.png,1,0.7581
cell_r9_c1_blob_1_word_3_char_02_2.png,7,0.7113
cell_r9_c1_blob_1_word_3_char_02_3.png,6,0.7125
cell_r9_c1_blob_1_word_3_char_03.png,7,0.9162
cell_r9_c1_blob_1_word_3_char_04.png,0,0.7544
cell_r9_c1_blob_1_word_3_char_05.png,7,0.9638
cell_r9_c1_blob_1_word_3_char_06_1.png,6,0.8462
cell_r9_c1_blob_1_word_3_char_06_2.png,5,0.998
cell_r9_c1_blob_1_word_3_char_07_1.png,7,0.8714
cell_r9_c1_blob_1_word_3_char_07_2.png,7,0.8277
cell_r9_c1_blob_1_word_3_char_08_1.png,7,0.9419
cell_r9_c1_blob_1_word_3_char_08_2.png,6,0.9037
cell_r9_c1_blob_1_word_3_char_09.png,6,0.6224
cell_r9_c1_blob_1_word_3_char_10_1.png,0,0.4843
cell_r9_c1_blob_1_word_3_char_10_2.png,1,0.7708
cell_r9_c1_blob_1_word_3_char_11.png,6,0.7755
cell_r9_c1_blob_1_word_3_char_12_1.png,6,0.942
cell_r9_c1_blob_1_word_3_char_12_2.png,1,0.9992
cell_r9_c1_blob_1_word_4_char_00.png,6,0.9968
cell_r9_c1_blob_1_word_4_char_01.png,6,0.9261
cell_r9_c1_blob_1_word_4_char_02_1.png,1,0.9917
cell_r9_c1_blob_1_word_4_char_02_2.png,4,0.9951
cell_r9_c1_blob_1_word_4_char_03.png,0,0.9999
cell_r9_c1_blob_1_word_4_char_04_1.png,0,0.9666
cell_r9_c1_blob_1_word_4_char_04_2.png,8,0.9873
cell_r9_c1_blob_1_word_4_char_05_1.png,1,0.9691
cell_r9_c1_blob_1_word_4_char_05_2.png,5,0.7476
cell_r9_c1_blob_1_word_4_char_06.png,6,0.991
cell_r9_c1_blob_1_word_4_char_07.png,7,0.4358
cell_r9_c1_blob_1_word_4_char_08.png,7,0.8676
cell_r9_c1_blob_1_word_4_char_09.png,8,0.9194
cell_r9_c1_blob_1_word_4_char_09_1.png,0,0.9577
cell_r9_c1_blob_1_word_4_char_09_2.png,3,0.3627
cell_r9_c1_blob_1_word_4_char_10_1.png,0,0.9629
cell_r9_c1_blob_1_word_4_char_10_2.png,8,0.329
cell_r9_c1_blob_1_word_5_char_00.png,1,1.0
cell_r9_c1_blob_1_word_5_char_01.png,0,1.0
cell_r9_c1_blob_1_word_6_char_00.png,6,0.983
cell_r9_c1_blob_1_word_6_char_01.png,1,1.0
cell_r9_c1_blob_1_word_6_char_02.png,1,0.7944
