Country,Country_Code,Fertility_2010,Migration_Rate_2010,GDP_Growth_2010,Life_Expectancy_2010,Population_Change_Percent,Score_V1,Score_V2,Predicted_Group,Actual_Group
Afghanistan,AFG,6.195,-5.920643228070737,11.0550305527288,60.702,33.84246174589537,2.8655801624134645,3.8833980151165752,Stable,High Growth
Africa Eastern and Southern,AFE,5.06649694569372,-0.7788864180267999,2.3699849053211,58.8272792062821,27.463605247487816,2.820422782341207,2.735658706839928,Moderate Growth,High Growth
Africa Western and Central,AFW,5.71289596656524,-0.8522353561509665,4.09023808244575,54.603353213388,27.17302368352995,3.7470183047639916,3.880643417073136,Moderate Growth,High Growth
Albania,ALB,1.653,-17.818958394052085,3.48564808644622,78.414,-2.0195528971469825,-3.4466131121454624,-3.389741770700057,Low Growth,Declining
Algeria,DZA,2.875,-0.2981079265648649,2.77921908194712,74.144,19.637072113711206,-0.41540522539214464,-0.44821629732042245,Moderate Growth,High Growth
American Samoa,ASM,3.292,-22.832621134207287,0.84468159199173,72.587,-9.087781560078222,-2.139221097813608,-2.417625130614273,Stable,Declining
Andorra,AND,1.275,-76.74770153396278,1.88988084312282,84.197,-5.243724134512924,-10.106046147401642,-10.251760283976617,Low Growth,Declining
Angola,AGO,6.194,5.25515860282273,0.45432400635525,57.242,38.98207863763733,4.356638770332969,4.0286781506203235,High Growth,High Growth
Antigua and Barbuda,ATG,1.785,3.4106891701828412,-9.0794536101368,76.701,7.0839193624003745,-1.0937875504446497,-2.632078125141608,Low Growth,Low Growth
Arab World,ARB,3.57186073483879,0.4296906508416375,2.76677365953439,69.8073221012027,22.200155803362236,0.6364427112207808,0.602051670873426,High Growth,High Growth
Argentina,ARG,2.411,-0.12117118550661835,8.96819672899282,75.68,8.924406763749902,-0.8928876992726807,-0.13999709676815986,Stable,Moderate Growth
Armenia,ARM,1.5,-9.855819758276406,2.91158696816194,73.1731707317073,-2.7029689963215975,-2.161642208256809,-2.177648942575343,Declining,Declining
Aruba,ABW,1.855,4.919578153537972,-2.95695264975568,74.297,7.232074471218995,-0.6176401530079894,-1.378668386390122,Stable,Low Growth
Australia,AUS,1.928,7.568713334165466,0.642043486475501,81.6951219512195,14.992345138266366,-1.1790761840836552,-1.4832054832995238,Low Growth,Moderate Growth
Austria,AUT,1.44,2.6986619323902086,1.56453337880819,80.5804878048781,6.175906365398587,-1.8520276342065372,-2.039045207643414,Low Growth,Low Growth
Azerbaijan,AZE,1.92,0.151640120994017,3.54945565734815,70.309,10.712562782102534,-0.5687405373428092,-0.5037687117531335,Stable,Moderate Growth
"Bahamas, The",BHS,1.837,5.164935043730509,0.248837037553542,73.449,7.400987269986231,-0.506479853041327,-0.8605274074092775,Stable,Low Growth
Bahrain,BHR,1.987,-15.73327103731819,0.0771669589062469,78.593,20.77363185496967,-3.038690422340151,-3.4145317972606084,Low Growth,High Growth
Bangladesh,BGD,2.38,-7.317427754110506,4.65046297355514,68.009,8.35145108919443,-0.7126953301901209,-0.5079486756641136,Stable,Moderate Growth
Barbados,BRB,1.785,-0.13079351700134065,-2.61559986287267,75.488,2.1668125983222097,-1.2954645127396982,-2.013157405210669,Low Growth,Low Growth
Belarus,BLR,1.494,1.0860584261473942,7.98573282581962,70.4048780487805,-0.6756548721424538,-0.7778753056177821,-0.14971023579658627,Stable,Stable
Belgium,BEL,1.86,9.658223063908633,1.77618341639121,80.1829268292683,5.446187107329519,-0.8446959007649891,-1.0048441270485242,Low Growth,Low Growth
Belize,BLZ,2.552,5.117956564505301,-1.29537328094713,70.875,20.4793205202267,0.2755245540450758,-0.27456323541752625,Moderate Growth,High Growth
Benin,BEN,5.452,0.40285852980214104,-0.888244805144353,58.387,29.898196312441033,3.248109812747913,2.7497077044091083,High Growth,High Growth
Bermuda,BMU,1.767,-3.1541781090623773,-2.74767294578886,79.414,0.5994507650058847,-2.062124976662966,-2.7965847809427533,Low Growth,Stable
Bhutan,BTN,2.252,-1.314079175408191,10.7124208428696,68.765,9.006430721517834,-0.30496005311158164,0.6693628900822335,Stable,Moderate Growth
Bolivia,BOL,3.213,-1.2364538816942463,2.42845713052706,66.003,14.623753172771107,0.6779014655606272,0.600560542617358,Moderate Growth,Moderate Growth
Bosnia and Herzegovina,BIH,1.26,-17.638329758161678,2.67372248880544,76.827,-12.224647065490709,-3.509109815766137,-3.5553138670531204,Low Growth,Declining
Botswana,BWA,3.135,2.533555718305592,7.82114700196456,59.137,14.70514890726576,1.7970839546687265,2.4043545626311773,Moderate Growth,Moderate Growth
Brazil,BRA,1.786,-1.3502137090230009,6.62782994932327,73.779,7.100357787350688,-1.2126772896627929,-0.7569003951793416,Declining,Low Growth
Brunei Darussalam,BRN,1.937,6.318628100690232,0.808737710775503,74.82,12.83300877827962,-0.4875469222511871,-0.7705140944373503,Stable,Moderate Growth
Bulgaria,BGR,1.57,-2.929850577350124,2.22607879962553,73.5121951219512,-10.531574251118807,-1.4811787278768198,-1.5842119383878346,Declining,Declining
Burkina Faso,BFA,5.936,-2.5997592309534485,5.31934915891263,56.343,29.58275641612913,3.524264092285578,3.813927032798046,Stable,High Growth
Burundi,BDI,6.26,1.2632720890776932,0.316683987792786,57.088,30.703452182938435,4.031643820198433,3.6862095563363186,High Growth,High Growth
Cabo Verde,CPV,2.329,-9.943427020071246,1.10867941118087,72.507,0.8474177298620593,-1.530243048170487,-1.775132090222635,Stable,Stable
Cambodia,KHM,2.859,-3.4330005270080957,3.45435117133705,67.311,13.658474754988129,0.07114196606231937,0.12404010870039123,Stable,Moderate Growth
Cameroon,CMR,5.154,-0.47620340505263714,0.0001364214844272,56.965,29.68278121499084,3.127677107432891,2.7420565693474686,Moderate Growth,High Growth
Canada,CAN,1.65,6.627349570083452,1.95144744690714,81.3221951219512,10.623429427044751,-1.4151293100375666,-1.5530274572131344,Low Growth,Moderate Growth
Caribbean small states,CSS,2.07173708976326,-3.855909003231229,1.24927617855994,71.0114366987074,6.4648296865696135,-0.9376739796083988,-1.1647140130117104,Declining,Low Growth
Cayman Islands,CYM,1.694,18.077968169467088,-5.37886645271013,76.069,24.451468603855893,0.343568891251654,-0.7249255891965937,Low Growth,High Growth
Central African Republic,CAF,5.963,-9.598497216222142,5.47038096593693,46.871,10.053605668379333,3.9743116997363375,4.283148395663523,Stable,Moderate Growth
Central Europe and the Baltics,CEB,1.46183448121757,-0.9950542056748171,1.90713006032762,75.2939657786314,-2.448896345977661,-1.5756264693979043,-1.7191507872962952,Low Growth,Declining
Chad,TCD,6.99,0.846857785637854,9.92359181592764,50.107,35.513676058826036,5.305132557749055,6.179312258770175,High Growth,High Growth
Channel Islands,CHI,1.58,4.677816934705997,-4.28117501896055,81.2,4.4243826479469925,-1.6376065387318475,-2.566747147394942,Low Growth,Low Growth
Chile,CHL,1.844,1.516052415556672,4.79363748014636,79.095,11.735204869619958,-1.5188246872109508,-1.2959017754773399,Low Growth,Moderate Growth
China,CHN,1.687,-0.1376566582318224,10.0634243207535,75.668,5.2358330125102315,-1.3836606180752904,-0.4917289328901533,Low Growth,Low Growth
Colombia,COL,2.01,-0.7642261922827492,3.31434936742798,74.876,11.458180423888264,-1.1327150276909177,-1.0975903620353449,Declining,Moderate Growth
Comoros,COM,4.755,-5.851846874637314,2.73828086409912,62.747,20.118319701421424,1.6565217340819525,1.6185134828866237,Stable,High Growth
"Congo, Dem. Rep.",COD,6.587,0.12868449615666097,3.74773143955383,56.411,35.564940981757545,4.222452136726406,4.312595424060307,High Growth,High Growth
"Congo, Rep.",COG,4.851,2.7604660387379574,5.47046970435608,61.731,25.8694750901443,2.6774485093313274,2.9862964707580004,High Growth,High Growth
Costa Rica,CRI,1.827,0.5173440867153853,4.06134325895124,79.354,9.736494729323905,-1.6577593078794601,-1.5278024445924967,Low Growth,Moderate Growth
Cote d'Ivoire,CIV,5.292,-8.123820346481567,4.5193074547668,55.282,25.36876338626734,2.675779605774542,2.863875834882986,Stable,High Growth
Croatia,HRV,1.46,-0.9300588742399766,-1.11003223418777,76.4756097560976,-8.055939490998218,-1.7092342505986413,-2.235792665892398,Low Growth,Declining
Cuba,CUB,1.673,-3.020250041403299,2.36597236588088,77.876,-0.8370326328806897,-1.9323077475123123,-2.017581222002682,Low Growth,Stable
Curacao,CUW,2.2,1.6274049615676887,-1.17626862745298,75.117,5.876142377759695,-0.7999218240677015,-1.3348890668067646,Stable,Low Growth
Cyprus,CYP,1.434,10.456492903097669,-0.357614019094044,80.632,14.085187654723821,-1.1085080078455003,-1.5395455980228383,Low Growth,Moderate Growth
Czechia,CZE,1.51,3.33450762381843,2.41582948883936,77.4243902439025,1.8851658470500965,-1.3724248309082574,-1.4513688553303143,Low Growth,Stable
Denmark,DNK,1.87,3.1604185026433558,1.13266938250023,79.1,4.808115387991708,-1.3420528415894497,-1.5838963142907028,Low Growth,Low Growth
Dominica,DMA,1.887,-2.9916205579517565,-0.0983573113798997,71.68,-1.421745886521733,-1.0573534054642248,-1.4554778973924243,Declining,Stable
Dominican Republic,DOM,2.556,-3.725697352643919,7.02231182986095,72.039,10.935324472323558,-0.7174854915525815,-0.2116284236143422,Stable,Moderate Growth
Early-demographic dividend,EAR,2.82072261952737,-0.7833782133169188,4.86894975635562,67.8244434669729,13.07369944876009,0.24234348663962274,0.47482742523381805,Moderate Growth,Moderate Growth
East Asia & Pacific,EAS,1.86033578165821,0.12117372256164671,6.86651758671388,74.6299790050688,6.554518626083798,-1.119241994341866,-0.6331632815195278,Stable,Low Growth
East Asia & Pacific (IDA & IBRD countries),TEA,1.91380463770064,-0.09807643881792392,9.08122097933945,73.8065980873172,7.063288272422897,-1.0076779979201294,-0.24043876664147668,Declining,Low Growth
East Asia & Pacific (excluding high income),EAP,1.91349993221803,-0.09805978293601042,9.08581842606037,73.7616390609633,7.027136845977701,-1.0026064198948876,-0.23478353461185075,Declining,Low Growth
Ecuador,ECU,2.615,-0.5525083580983763,2.2990259381485,75.188,15.012083218503792,-0.7388185648329263,-0.8325910069018482,Moderate Growth,High Growth
"Egypt, Arab Rep.",EGY,3.296,-2.1761047952873978,3.14977851168294,69.078,20.580599109790395,0.28197557168515147,0.2962076757100582,Stable,High Growth
El Salvador,SLV,2.239,-9.012154906629574,1.81801613607789,70.909,2.538936685030558,-1.313216185899737,-1.4680536743234267,Stable,Low Growth
Equatorial Guinea,GNQ,5.209,18.524327529150565,-13.0151718370352,58.344,40.45900839721298,4.848901701753502,2.810964727065769,High Growth,High Growth
Eritrea,ERI,4.571,-4.536555585962992,0.205918877679608,63.665,10.016616947113018,1.5518801188149847,1.1923840280328462,Stable,Moderate Growth
Estonia,EST,1.72,-2.839707842805911,2.68366165094633,75.4292682926829,-0.3437541072870313,-1.5957716417472296,-1.6407138987958247,Low Growth,Stable
Eswatini,SWZ,3.375,-10.195655107272973,3.18713606361428,48.331,6.13718346601898,1.9913349005455174,2.0103096119571506,Stable,Low Growth
Ethiopia,ETH,5.282,0.8859544569065934,9.40434487750386,59.709,27.83220961634073,3.0246975695651708,3.8329579520444934,High Growth,High Growth
Euro area,EMU,1.57511738680375,1.6626432197900636,1.86200696939038,80.6989426195589,1.6110709165898824,-1.8750180686838456,-2.0242708429003646,Low Growth,Stable
Europe & Central Asia,ECS,1.72571098484824,1.1893865910252357,2.2513095526689,75.9954040762695,3.50488445402066,-1.2669396284869687,-1.3667697502095082,Low Growth,Low Growth
Europe & Central Asia (IDA & IBRD countries),TEC,1.81007603093137,-0.029356345872877394,4.27612457915083,71.4358973425353,4.353444046740423,-0.7930610083542282,-0.6358372760395087,Declining,Low Growth
Europe & Central Asia (excluding high income),ECA,2.04838130370044,-1.2696472119598217,6.19709314851646,71.9125911481178,8.151282510824123,-0.8080188392033641,-0.4069247445188889,Declining,Moderate Growth
European Union,EUU,1.5634616186116,1.4856398261243324,2.02278193173282,79.6354307923887,1.090764648357248,-1.7752962840494426,-1.904138392026179,Low Growth,Stable
Faroe Islands,FRO,2.5146,-16.030581416856773,-0.105466831279102,80.6390243902439,6.445115810674723,-2.9501957078927585,-3.3492227659647997,Stable,Low Growth
Fiji,FJI,2.696,-11.372785497666458,2.59506233236995,66.778,0.49208111869370036,-0.7480594861714647,-0.8042495836436386,Stable,Stable
Finland,FIN,1.87,2.6252239271261706,2.69737665062684,79.8707317073171,2.950654739797052,-1.4844977486010702,-1.5276988621477225,Low Growth,Low Growth
Fragile and conflict affected situations,FCS,4.8959233094296,-0.7791824233353657,4.42616907320441,59.3431607628088,22.95550878636055,2.644269677022568,2.8205418236216073,Moderate Growth,High Growth
France,FRA,2.03,0.8095812317897471,1.49872466177408,81.6634146341463,3.622923685342823,-1.7628527589275476,-1.958224865554677,Low Growth,Low Growth
French Polynesia,PYF,2.165,-10.780545494862887,-2.86221244709949,81.141,3.1243994382437728,-2.735983473304943,-3.4849842701526095,Stable,Low Growth
Gabon,GAB,4.153,10.043729820528073,3.45835073677657,64.715,31.852647773477088,2.561810729119894,2.6152166236746877,High Growth,High Growth
"Gambia, The",GMB,5.558,-1.2747647446577703,2.87350950500529,61.167,27.520281527849143,2.830700105544798,2.809859369834352,Moderate Growth,High Growth
Georgia,GEO,1.973,-9.667533297506136,7.02428366897674,71.732,-1.7570467122385087,-1.6537111755182599,-1.1476037791116784,Declining,Stable
Germany,DEU,1.39,1.5911088860880447,4.30644105826545,79.9878048780488,1.6092949441853588,-1.9239424122151068,-1.7628699491791453,Low Growth,Stable
Ghana,GHA,4.181,-0.14626106894230992,5.30617508163762,61.297,22.704420550426015,1.992020934493567,2.280011402561572,Moderate Growth,High Growth
Greece,GRC,1.48,0.1799243454543836,-5.81520524166056,80.3878048780488,-3.5945215599449742,-2.0469918947038024,-3.170880357268302,Low Growth,Declining
Greenland,GRL,2.195,-0.8136696501220504,1.35611976495977,70.0807317073171,-0.54657374323416,-0.44938633304576775,-0.6628623839104085,Stable,Stable
Grenada,GRD,2.038,-5.959528973168677,-0.807153746059768,74.731,3.9386661409137345,-1.6014201753225465,-2.0895276300791554,Declining,Low Growth
Guam,GUM,2.973,-14.712770684954542,2.04892665177626,76.095,-2.830857184035743,-1.9782771066089953,-2.1038000960677463,Stable,Declining
Guatemala,GTM,3.375,-2.487980782493266,0.865525448373077,69.885,17.95635095784088,0.21049847806030253,-0.06525939025336042,Stable,High Growth
Guinea,GIN,5.435,-3.0133455994881153,2.26713039266406,56.431,25.377435315560103,3.1342829115310358,3.036461273468324,Stable,High Growth
Guinea-Bissau,GNB,5.111,-1.4409323093797224,2.91052833964689,56.999,25.623249509846797,3.000832075836025,2.9846909467524245,Moderate Growth,High Growth
Guyana,GUY,2.684,-18.224745614316067,4.53289275994231,66.204,7.795599901769222,-1.354455876580817,-1.1646349689175597,Stable,Low Growth
Haiti,HTI,3.497,-2.898617546306374,-6.7459038549499,45.577,13.279913873846894,3.106080468511618,1.8640381685030971,Stable,Moderate Growth
Heavily indebted poor countries (HIPC),HPC,5.46351892829272,-2.192498273917944,3.28036945352925,58.7324571528893,29.094192700817327,2.963247194161376,2.994058049561056,Stable,High Growth
High income,HIC,1.67609288601583,3.384992851966602,2.57866851696143,78.595698767804,4.600240190973966,-1.3924422367053075,-1.45071355808091,Low Growth,Low Growth
Honduras,HND,3.078,-0.6477503018810459,1.5491216313325,69.77,18.85940722539822,0.20151714203604787,0.012543019959289387,Moderate Growth,High Growth
"Hong Kong SAR, China",HKG,1.127,1.1826257794481934,5.98638709206976,82.9575609756098,6.886193445516928,-2.490365104733233,-2.1160205171248303,Low Growth,Low Growth
Hungary,HUN,1.25,1.0591975638456033,1.2966366075499,74.2073170731707,-3.051982980439145,-1.3920754946291851,-1.6131030376857218,Stable,Declining
IBRD only,IBD,2.18129232312236,-0.1701547223606205,6.72577964292694,71.5021795019761,9.210563939346992,-0.5629829117027477,-0.09477113012428173,Stable,Moderate Growth
IDA & IBRD total,IBT,2.71688569614126,-0.7046382059662553,6.25240538643472,68.9258375211718,12.215425449490718,0.0503726355318638,0.45848871679109227,Moderate Growth,Moderate Growth
IDA blend,IDB,4.79809212619671,-1.360846518620297,3.27296438015019,59.0515129063523,20.769106272533474,2.5557021722011983,2.585572940419274,Moderate Growth,High Growth
IDA only,IDX,4.39936757527563,-2.8921873270999385,4.09849063210899,62.0443451288407,21.85874455607407,1.7855253181366697,1.9201981062427762,Stable,High Growth
IDA total,IDA,4.53867977619126,-2.351488965994532,3.73440246522667,60.9876114032049,21.474006141969472,2.056467755843726,2.1449189062780336,Stable,High Growth
Iceland,ISL,2.2,-6.461431073352178,-2.69284771499748,81.8975609756097,13.369974311488143,-2.3814799318892765,-3.1089795760116727,Stable,Moderate Growth
India,IND,2.598,-0.04093747866775772,6.93079780415253,67.162,11.704938152183171,0.24129638688965951,0.7355355871712731,Moderate Growth,Moderate Growth
Indonesia,IDN,2.462,-0.2344732120729409,4.89326246908787,68.364,10.630732128475891,-0.010725337102576782,0.22484514343653103,Stable,Moderate Growth
"Iran, Islamic Rep.",IRN,1.749,-0.16596306198788177,4.48194623857125,74.39,12.43955212990321,-1.194412351487295,-1.0110591949504093,Declining,Moderate Growth
Iraq,IRQ,4.457,2.9884975425962126,3.01924651269078,68.092,32.68379892831671,1.6860954945603983,1.6837563301102674,High Growth,High Growth
Ireland,IRL,2.05,-5.915149813986586,1.1304243741418,80.7439024390244,9.129097585498739,-2.29465687128803,-2.5367853517768255,Low Growth,Moderate Growth
Isle of Man,IMN,1.928,9.275929083256829,2.24854803434695,79.613,0.10015141940791433,-0.7688700411605308,-0.8690507425253426,Low Growth,Stable
Israel,ISR,3.03,1.6929009916574846,3.62399103334153,81.6024390243903,18.762789233433026,-0.9922905694716705,-0.9178563458798901,Moderate Growth,High Growth
Italy,ITA,1.44,4.586922769060549,1.0811087798198,82.0365853658537,-0.15099781915257035,-1.8394822290142745,-2.0878714115518067,Low Growth,Stable
Jamaica,JAM,1.799,-4.819964432388065,-1.87206742805603,71.979,2.717888005681504,-1.3296863423818497,-1.9529864752813921,Declining,Low Growth
Japan,JPN,1.39,1.0295931912235496,4.07922304856318,82.8426829268293,-1.1220426329351136,-2.3135413548106363,-2.181314620563109,Low Growth,Stable
Jordan,JOR,3.78,0.667667711427766,0.137449407888951,73.797,46.24952874746661,0.33236349609964094,-0.03582491514801489,High Growth,High Growth
Kazakhstan,KAZ,2.61,-0.40625272839688753,5.91730119035698,68.257,14.092604240351944,0.08542909442010463,0.45100310443863,Moderate Growth,Moderate Growth
Kenya,KEN,4.446,-0.5064837930595062,4.96811299885232,60.915,23.087958775118384,2.1814221382275956,2.4264950260982574,Moderate Growth,High Growth
Kiribati,KIR,3.898,-4.194877833382397,-0.857158610176697,65.859,13.998564910214895,0.8715602812956779,0.3771046204690066,Stable,Moderate Growth
"Korea, Rep.",KOR,1.226,1.050205480425116,6.27401988865388,80.1170731707317,4.461203946102394,-2.102785046272031,-1.6919249656716946,Low Growth,Low Growth
Kosovo,XKX,2.223,-16.454571729980216,5.28831482675317,74.609,0.00827396669057545,-2.4812826532973196,-2.1955595762216227,Stable,Stable
Kuwait,KWT,2.044,34.50668145242939,-7.27588260562241,77.7262195121951,50.926080699279595,1.9821943762943612,0.6728703351704943,Low Growth,High Growth
Kyrgyz Republic,KGZ,3.1,-1.1927802498564586,-1.88093371727501,69.3,20.543989007618173,0.21863716931622504,-0.40578855470395814,Moderate Growth,High Growth
Lao PDR,LAO,3.137,-4.743460651820895,6.94116593325336,63.69,14.262935426354165,0.5571732056791253,1.0527286583144932,Stable,Moderate Growth
Late-demographic dividend,LTE,1.74154532573495,-0.07421386489107468,7.42734911141731,74.7108209347901,5.948042076273128,-1.2282024823706514,-0.670925214122196,Declining,Low Growth
Latin America & Caribbean,LCN,2.17888507325984,-1.4988928035279068,5.23652085802837,73.4093227755616,9.053107651153269,-0.917517531707301,-0.6383697907005623,Stable,Moderate Growth
Latin America & Caribbean (excluding high income),LAC,2.18424014886755,-1.5474508259124176,5.52776161685216,73.1190309784384,9.588921082062749,-0.8845372196371724,-0.568415948441621,Stable,Moderate Growth
Latin America & the Caribbean (IDA & IBRD countries),TLA,2.19235147808548,-1.4316026111142275,5.49168370694957,73.2840381673624,9.38145198489463,-0.8871523696761661,-0.5756112530452433,Stable,Moderate Growth
Latvia,LVA,1.36,-17.223863021470233,-1.63514379125596,73.4829268292683,-8.759388907561423,-3.008623904075878,-3.6018461616359643,Declining,Declining
Least developed countries: UN classification,LDC,4.60145641254696,-2.678924465699239,3.83184686671443,61.0408922197593,23.69390798145183,2.0609433353674724,2.161765225167689,Stable,High Growth
Lebanon,LBN,2.256,-8.115981471401753,6.92562408092621,77.529,14.942728921656528,-1.9915672150785906,-1.4979848281244434,Stable,Moderate Growth
Lesotho,LSO,3.25,-2.948527013887532,4.45925951436652,46.045,10.677715377475078,2.8789408783481565,3.059413915063708,Stable,Moderate Growth
Liberia,LBR,5.058,0.7021624138619179,3.07117998186455,59.358,24.263554814247247,2.896255234037575,2.9005091154854874,High Growth,High Growth
Libya,LBY,2.603,1.4791071308476558,2.90736772244718,72.196,6.974534148968603,-0.19844590715764412,-0.21498828219294694,Moderate Growth,Low Growth
Lithuania,LTU,1.5,-25.46975057485886,2.5553360476174,73.2682926829268,-9.240133768898021,-3.689613512838415,-3.750846932524553,Declining,Declining
Low & middle income,LMY,2.72599706462258,-0.8140630961740128,6.68146423959197,68.9547877376437,12.43579504695207,0.04251881745211038,0.5051046800841618,Moderate Growth,Moderate Growth
Low income,LIC,5.45603302277218,-1.7348147702650594,3.52861265697612,59.9256637801227,26.88269950504894,2.8626005280364595,2.924926297811032,Moderate Growth,High Growth
Lower middle income,LMC,3.1709175010369,-1.1548703558609392,5.03254810125347,65.554398103155,14.835820495634122,0.7099601865481832,0.9632132247984474,Moderate Growth,Moderate Growth
Luxembourg,LUX,1.63,15.601051774030335,1.88354824324517,80.6317073170732,22.299503109755737,-0.4758990991765898,-0.6224171705225623,Low Growth,High Growth
"Macao SAR, China",MAC,1.07,18.769087523277467,24.6567815180359,82.2731707317073,25.139664804469277,-0.7402392371925344,2.004344992468023,Low Growth,High Growth
Madagascar,MDG,4.896,-0.08921109264880762,-2.26580252727942,62.597,27.2105733401733,2.329475393698703,1.6561898925549476,Moderate Growth,High Growth
Malawi,MWI,5.263,-0.6290778859394853,3.76961752338009,57.787,28.322931774085298,3.0902136170454533,3.1831353814865184,Moderate Growth,High Growth
Malaysia,MYS,2.144,5.484548734607641,5.43424070379723,75.376,16.697576083788483,-0.49356331227409467,-0.18931468663847972,Stable,High Growth
Maldives,MDV,2.349,17.652830439699326,3.08074690167552,76.756,35.18342978780017,0.6654678485430813,0.6709362674062695,Stable,High Growth
Mali,MLI,6.579,-2.1625946570246417,3.50416521090007,55.993,32.130093335937254,4.043502981286848,4.102725104479869,Stable,High Growth
Malta,MLT,1.36,1.7876615167861658,5.67700103090836,81.3975609756098,21.568703137213273,-2.090626398014395,-1.7555589188661784,Low Growth,High Growth
Marshall Islands,MHL,3.673,-23.46091768503574,5.48848970412462,64.498,-15.442702328798708,-0.9927609257812539,-0.6816252934662914,Stable,Declining
Mauritania,MRT,5.384,0.33264867080609795,-0.603277391963445,65.661,31.753291467178222,2.3415302929540243,1.8793053024630926,High Growth,High Growth
Mauritius,MUS,1.57,-2.0985284708893155,4.12919884822152,72.9673170731707,1.246401151631478,-1.3364730220654155,-1.1979017715323237,Declining,Stable
Mexico,MEX,2.34,-0.3594754430835169,3.47084286921813,73.718,10.683568803903439,-0.7338851022651129,-0.6788933093703481,Stable,Moderate Growth
"Micronesia, Fed. Sts.",FSM,3.271,-16.719360238050957,2.65591372014788,64.892,2.549748930630463,-0.6564895039831279,-0.7049544099947217,Stable,Low Growth
"Middle East, North Africa, Afghanistan & Pakistan",MEA,3.49627868102769,-0.01876354379286287,2.67701833169689,69.2105446964534,18.866899966676304,0.6117019949329378,0.5659163567387396,Moderate Growth,High Growth
"Middle East, North Africa, Afghanistan & Pakistan (IDA & IBRD)",TMN,3.5573121719595,-1.5121618974493354,2.58346778848453,68.4594967501144,17.81625772109918,0.5961261985650605,0.5384641532099583,Moderate Growth,High Growth
"Middle East, North Africa, Afghanistan & Pakistan (excluding high income)",MNA,3.56282894271289,-1.547883846061306,2.58676136907366,68.4912505131132,17.85515525134241,0.5926675040519875,0.5354235845863841,Moderate Growth,High Growth
Middle income,MIC,2.52466580636529,-0.7368778649631714,6.84002309967069,69.7116856504068,11.224732724442646,-0.17523453650656648,0.30748065425764803,Moderate Growth,Moderate Growth
Moldova,MDA,1.703,-29.360100113403167,7.20697461136707,69.876,-6.921925100808634,-3.531865377667353,-3.0025650425355357,Declining,Declining
Monaco,MCO,2.385,24.364502608328557,-0.393849531303786,84.644,14.91421162138528,0.41612145171314574,-0.01951630092086476,Stable,Moderate Growth
Mongolia,MNG,2.4,-2.353008191711014,4.52004039651671,68.5056097560976,19.318146133347355,-0.27515979704436,-0.0869705196825521,Stable,High Growth
Montenegro,MNE,1.7,-3.674357633171248,2.54625315972683,75.990243902439,1.1825426038215903,-1.7562417639285774,-1.818628272320362,Low Growth,Stable
Morocco,MAR,2.629,-2.171742546343033,2.07976488720576,70.821,11.53133999133151,-0.37411731707344864,-0.49572533792263007,Stable,Moderate Growth
Mozambique,MOZ,5.66,-4.220966479972051,3.86194568743883,55.04,29.936408754465095,3.3326772262926556,3.437320214695951,Stable,High Growth
Myanmar,MMR,2.335,-2.3759809965579985,8.82058943535873,63.479,7.376596812581951,0.26849170203719186,1.0026432971675048,Stable,Low Growth
Namibia,NAM,3.657,-4.037328462122911,4.40996877603639,56.093,25.627082236276138,1.8697101909444251,2.043925681123434,Stable,High Growth
Nauru,NRU,4.019,-24.494672906502043,-0.428390793882855,60.074,15.373892263267946,-0.3395320465203324,-0.7795548736194853,Stable,High Growth
Nepal,NPL,2.541,-9.873581813032223,4.16886489216166,66.772,3.921124578084257,-0.7067433465326388,-0.5631364214634191,Stable,Low Growth
Netherlands,NLD,1.79,2.0284201506145445,0.800960653466348,80.7024390243902,4.390386409133602,-1.6942915078269825,-1.9782459912135473,Low Growth,Low Growth
New Zealand,NZL,2.17,1.5450387293998669,0.336940895877831,80.9048780487805,14.445951226239456,-1.5075211445736438,-1.8503837580745954,Stable,Moderate Growth
Nicaragua,NIC,2.596,-5.068628049046179,2.9388092403868,71.761,13.005899833549748,-0.7882136834418338,-0.8007645020843518,Stable,Moderate Growth
Niger,NER,7.64,-0.485411812976563,4.60766589552573,57.08,38.666903138498874,4.797790656199307,4.9971041458657535,Moderate Growth,High Growth
Nigeria,NGA,5.948,0.28783706974445944,5.02853779310237,51.315,25.709321308801623,4.402999492713877,4.655743415241157,High Growth,High Growth
North America,NAC,1.90241045540461,5.2980997808185455,1.83184752632984,78.8169547045614,7.122180184011283,-1.0792092037963368,-1.2322907727288843,Low Growth,Low Growth
North Macedonia,MKD,1.6,-8.563950638596967,4.02171749784563,74.9975609756098,-3.5984212078520352,-2.1824964730658096,-2.05757017033778,Declining,Declining
Northern Mariana Islands,MNP,2.982,-29.33944648832523,3.70912591649699,77.8,-11.022166349300253,-3.5931802123629013,-3.507937964560561,Stable,Declining
Norway,NOR,1.95,8.767189745997957,-0.460631240331892,80.9975609756098,9.38065781841476,-0.9658773410475077,-1.409993149928807,Low Growth,Moderate Growth
OECD members,OED,1.7911408975842,2.6172023314918778,2.25908360375269,79.0473008520596,5.527445346041181,-1.4420731400770983,-1.5409163322448711,Low Growth,Low Growth
Oman,OMN,2.973,10.414347189391924,-0.232906393185388,77.184,66.50338755500562,0.33487862827417336,-0.0803271079074176,Moderate Growth,High Growth
Other small states,OSS,2.57095295288463,-0.7297210178190872,1.26649468093692,69.566524844548,10.52368574176065,-0.1261390970066822,-0.350993211035204,Moderate Growth,Moderate Growth
Pacific island small states,PSS,3.51570587097517,-7.037654860511426,2.51426013771324,67.9059171883101,12.197830085537733,0.09613113355244185,0.029683054348838098,Stable,Moderate Growth
Pakistan,PAK,4.398,-2.1677578090403133,-0.97547471765489,64.378,15.841198035844851,1.5810934032833048,1.0716173030465215,Stable,High Growth
Palau,PLW,1.937,-21.3089802130898,0.790317696963982,68.347,-3.2507066753642095,-2.411741034360393,-2.697046659926121,Declining,Declining
Panama,PAN,2.587,1.365013703877736,4.19797204867427,76.417,16.70550235838982,-0.7157509390503627,-0.5684488089062222,Moderate Growth,High Growth
Papua New Guinea,PNG,3.883,6.563941708173277,6.85231014831385,63.056,25.879099335916063,2.2355189522415335,2.719794005594261,High Growth,High Growth
Paraguay,PRY,2.695,-4.560671359266194,9.80314731436218,72.551,13.542888243945464,-0.7645014692381953,0.09438758897354593,Stable,Moderate Growth
Peru,PER,2.421,-6.23330404893155,7.6277436246787,72.886,11.563232493247014,-1.1519658333223828,-0.5692481266694069,Stable,Moderate Growth
Philippines,PHL,3.315,0.1407141846925575,5.15869430276467,68.883,15.017635205534729,0.5428015120797893,0.8120690340466006,Moderate Growth,High Growth
Poland,POL,1.41,3.144432556662373,3.46400853867873,76.2463414634146,-0.20324216985745056,-1.3203924702823777,-1.2662683077548023,Low Growth,Stable
Portugal,PRT,1.39,-0.5321996387057722,1.69092746716328,79.0268292682927,-2.712894042428427,-2.017429319368019,-2.188400939414451,Low Growth,Declining
Post-demographic dividend,PST,1.66079042885459,3.0699288712647474,2.40529797491564,79.6785405516336,3.5958704728787874,-1.5605010420871195,-1.6407820608555899,Low Growth,Low Growth
Pre-demographic dividend,PRE,5.68740273604675,-1.054273663483481,3.5175865091196,57.1219983597813,29.287521532972093,3.414527060212974,3.4754530409872504,Moderate Growth,High Growth
Puerto Rico (US),PRI,1.6235,-8.312603286646539,0.0130918561743698,78.717,-11.324418406401994,-2.5786722837490315,-2.9626481064534325,Low Growth,Declining
Qatar,QAT,2.137,56.047876340893794,19.0058466072559,79.444,63.19920684400111,3.9362196478940126,5.963407681491395,Stable,High Growth
Romania,ROU,1.59,-6.043600514864742,-3.33335291355054,73.4585365853659,-4.322756834870929,-1.7638131150566174,-2.5726260286212255,Declining,Declining
Russian Federation,RUS,1.567,2.153000667807877,4.45309639834757,68.8412195121951,1.822774026711811,-0.44125096730476826,-0.2615603490841558,Stable,Stable
Rwanda,RWA,4.522,-2.8593020069778174,4.65979796365141,62.804,23.828809020898657,1.7826615290897256,1.9885932771429256,Stable,High Growth
Samoa,WSM,4.52,-16.562793035026914,5.29451664588825,71.451,8.681348854799687,-0.5647314786324792,-0.27822106963269827,Stable,Moderate Growth
San Marino,SMR,1.459,17.79380823564773,-6.05328650752219,83.464,4.186955214908326,-0.7111539559445363,-1.865267256908292,Low Growth,Low Growth
Sao Tome and Principe,STP,4.769,-8.410248512117578,-0.755150615358019,63.867,17.376046468135662,1.2860293036907167,0.8045237384865147,Stable,High Growth
Saudi Arabia,SAU,2.81,21.058668130311975,6.08720360847519,75.616,25.378215064194837,1.4424895361403194,1.8296329590762401,Moderate Growth,High Growth
Senegal,SEN,5.055,-5.531121143408609,0.952269607225944,64.221,29.421349345684227,1.7179675715276093,1.4532220278246994,Stable,High Growth
Serbia,SRB,1.4,0.4981186147694364,2.02027692991339,74.3365853658537,-4.7480496297300006,-1.3601128104290172,-1.4892729328236798,Stable,Declining
Seychelles,SYC,2.16,8.24328840369834,1.62737013590673,73.1975609756098,8.750139244736548,0.04093800132217856,-0.13810233450230894,Stable,Moderate Growth
Sierra Leone,SLE,5.327,1.282880749460766,3.5002192188053,51.927,24.254320542451413,4.007050368517591,4.065771541024897,High Growth,High Growth
Singapore,SGP,1.15,14.29482588405297,12.5085215498552,81.5414634146342,12.3472540996846,-1.034807741816186,0.16753336744778013,Low Growth,Moderate Growth
Sint Maarten (Dutch part),SXM,1.848,-0.710185239983429,2.2746924085417,74.821,19.50346215304492,-1.230781014303568,-1.327642641056498,Declining,High Growth
Slovak Republic,SVK,1.43,-0.33646002506200584,6.69110844613654,75.1121951219512,1.1633096092538007,-1.5118858372536752,-1.0480756255186243,Low Growth,Stable
Slovenia,SVN,1.57,-0.2001383395254183,0.672167911403392,79.4219512195122,1.9429039487294388,-1.9095758670559921,-2.2098808171697977,Low Growth,Stable
Small states,SST,2.56685568430678,-2.2937434566889707,1.26517472117887,69.6933118913694,9.777965542355137,-0.2957314199145782,-0.5207531051723447,Stable,Moderate Growth
Solomon Islands,SLB,4.341,9.456477687215742,6.65633575453435,68.669,36.62114798637066,2.1681059189686063,2.627501675914114,High Growth,High Growth
"Somalia, Fed. Rep.",SOM,7.322,-7.2133224637645705,4.0791048970797,48.9,30.739602060259557,4.888746749732867,5.020958484440293,Stable,High Growth
South Africa,ZAF,2.445,1.3098527662675554,1.82804672464107,58.886,13.838886867965186,1.2401239889830693,1.0865599015440155,Stable,Moderate Growth
South Asia,SAS,2.56574779030977,-1.0569154793367912,6.72705848207893,67.3525068406787,11.103781255185888,0.0983876823744752,0.5667618148484124,Moderate Growth,Moderate Growth
South Asia (IDA & IBRD),TSA,2.56574779030977,-1.0569154793367912,6.72705848207893,67.3525068406787,11.103781255185888,0.0983876823744752,0.5667618148484124,Moderate Growth,Moderate Growth
South Sudan,SSD,5.318,30.720648868304618,0.0553052206663267,57.485,6.950895412690786,6.208378339818341,5.8297615785060275,High Growth,Low Growth
Spain,ESP,1.37,1.4901379110763864,-0.365660089983677,81.6268292682927,1.1628168359948925,-2.139660330648014,-2.5717193837762817,Low Growth,Stable
Sri Lanka,LKA,2.134,-4.696565065650135,7.38142864786508,74.463,4.425054177411668,-1.3822282141735507,-0.8307806301090314,Stable,Low Growth
St. Kitts and Nevis,KNA,1.762,-9.584596336933783,0.0951505914335229,71.452,0.22627332109465056,-1.7557661156727866,-2.1293244365906476,Declining,Stable
St. Lucia,LCA,1.673,-0.9946988402981757,-0.278750187807233,72.768,3.952465097773045,-1.1360575915223876,-1.5570832786314037,Declining,Low Growth
St. Vincent and the Grenadines,VCT,2.144,-12.468283632990477,-3.99351095016873,70.66,-5.267417855746233,-1.6841089465588064,-2.5767300921678093,Stable,Declining
Sub-Saharan Africa,SSF,5.32483728093835,-0.8087582054597571,3.13213058184955,57.1070604462138,27.345264192627667,3.1944576275651997,3.206449295639108,Moderate Growth,High Growth
Sub-Saharan Africa (IDA & IBRD countries),TSS,5.32483728093835,-0.8087582054597571,3.13213058184955,57.1070604462138,27.345264192627667,3.1944576275651997,3.206449295639108,Moderate Growth,High Growth
Sub-Saharan Africa (excluding high income),SSA,5.32986470328555,-1.000601497411368,2.96386596947667,56.8122732906384,27.29250796591023,3.2138241240074654,3.2044543015042883,Moderate Growth,High Growth
Sudan,SDN,5.141,-9.585536097901873,0.758886048751407,62.979,28.614846746375676,1.528138804990111,1.2388428760109276,Stable,High Growth
Suriname,SUR,2.688,-2.0693806223780418,3.95347703289852,69.626,10.155058071766412,-0.18394907490728285,-0.0676860200742608,Stable,Moderate Growth
Sweden,SWE,1.98,5.456847135557786,4.853016846231,81.4512195121951,9.604914670585574,-1.3203728019672427,-1.0899115745343129,Low Growth,Moderate Growth
Switzerland,CHE,1.52,9.762158256409116,2.17363798688378,82.2463414634147,9.589517271063471,-1.3071459278574635,-1.4168365924311017,Low Growth,Moderate Growth
Syrian Arab Republic,SYR,3.355,-2.4178445906693056,2.82697106833621,73.542,-9.46911811677221,-0.22542855105247073,-0.2521774237286136,Stable,Declining
Tajikistan,TJK,3.457,-4.408308733464268,4.24657467143167,68.37,24.53986407202899,0.2573136687593679,0.4107859879492781,Stable,High Growth
Tanzania,TZA,5.225,-2.7261868184644666,3.67041498018565,61.127,32.20931636475298,2.4687572532988993,2.5490850791703092,Stable,High Growth
Thailand,THA,1.562,0.7697787356028112,6.79479928649167,75.012,4.291116549831613,-1.3032191096332428,-0.8262451620541533,Low Growth,Low Growth
Timor-Leste,TLS,4.816,0.4333079187483117,6.7211928053722,63.66,19.938249011919655,2.2012730079392298,2.6689024823657492,High Growth,High Growth
Togo,TGO,5.087,-0.29171537253865154,3.01287149732366,57.227,25.703005826880887,3.0694516207783105,3.066303136835667,Moderate Growth,High Growth
Tonga,TON,3.879,-19.52513966480447,0.639458308941471,71.319,-1.6117318435754189,-1.2713548518222813,-1.5758123439050546,Stable,Stable
Trinidad and Tobago,TTO,1.614,-1.6923247381449995,2.72667409792857,71.809,3.5114599981483083,-1.1312572984217024,-1.1707390491407053,Declining,Low Growth
Tunisia,TUN,2.075,-1.3159972431678304,1.86835635362381,74.438,10.301904703519792,-1.0908687630886764,-1.2393154717305033,Declining,Moderate Growth
Turkiye,TUR,2.08,0.7592339027496458,6.79208232586733,74.964,12.902669664482108,-0.9476152418428029,-0.4709862172273519,Stable,Moderate Growth
Turkmenistan,TKM,2.848,1.189895110952642,6.98701634742274,68.608,22.27729498256402,0.36056039620463187,0.8619366401307094,Moderate Growth,High Growth
Turks and Caicos Islands,TCA,1.907,29.01913312485289,-2.92353368570767,76.784,45.149467029826155,1.4668580955662436,0.7100724588628801,Low Growth,High Growth
Tuvalu,TUV,3.442,2.0727341247409083,-3.63168142704605,64.834,-0.3109101187111362,1.2917352709093977,0.44504902414631575,Moderate Growth,Stable
Uganda,UGA,6.019,-5.196598713424879,2.57308463341826,59.959,32.752616005000434,2.9038592276300492,2.8448790223482656,Stable,High Growth
Ukraine,UKR,1.436,0.34505766671316945,4.46782513515676,70.188,-3.225729514439716,-0.863707072331815,-0.6821466148852062,Stable,Declining
United Arab Emirates,ARE,1.565,23.558343006050507,-0.804617484632033,81.886,37.49647371597409,0.10585953015503069,-0.3819259417210096,Low Growth,High Growth
United Kingdom,GBR,1.92,4.378316316390156,1.43505257035225,80.4024390243902,6.157175104851141,-1.3427162186624921,-1.546171610073927,Low Growth,Low Growth
United States,USA,1.931,5.153733717660746,1.82992369865936,78.5414634146342,6.738677185579708,-1.0415295246796543,-1.1948553269425222,Low Growth,Low Growth
Upper middle income,UMC,1.93188483222883,-0.3226556536257987,7.67375006485796,73.8314745903693,7.646216855165661,-1.0201630885825719,-0.43160478286057335,Declining,Low Growth
Uruguay,URY,2.011,-2.3190641780520584,7.52764617823019,76.691,2.369266372966751,-1.4960912644633555,-0.9260811059332239,Low Growth,Low Growth
Uzbekistan,UZB,2.442,-0.7179720523565795,5.90590026943735,69.836,16.132159137836048,-0.24400162282446874,0.12012502008958731,Stable,High Growth
Vanuatu,VUT,4.126,-5.930794802055002,-1.08593808514806,69.57,22.55506866794265,0.42189151383418766,-0.10160810656255259,Stable,High Growth
"Venezuela, RB",VEN,2.396,-1.8318403145846744,-2.77023251504841,73.092,0.4338200181924188,-0.7655040135425171,-1.5028277950981268,Stable,Stable
Viet Nam,VNM,1.906,-0.050803181955478165,5.21227683604808,73.611,11.11269465291193,-0.9854185064541581,-0.709348586979703,Declining,Moderate Growth
Virgin Islands (U.S.),VIR,2.3,-11.545170132063456,0.640017045957947,77.8658536585366,-1.5578135238147974,-2.3344132545050993,-2.638799813933976,Stable,Stable
West Bank and Gaza,PSE,4.434,-6.959820250644387,3.06565425625401,73.302,23.748197712669906,0.09263651248619292,0.09618889328048272,Stable,High Growth
World,WLD,2.5681653452478,0.0,3.26292949064214,70.6818433466141,11.098520450115178,-0.18803424876683061,-0.15943742754595996,Moderate Growth,Moderate Growth
"Yemen, Rep.",YEM,4.81,0.7575953805258181,4.37449720786746,67.223,31.236077283325535,1.8105536448562114,1.980265956627654,High Growth,High Growth
Zambia,ZMB,5.359,1.629791042185531,6.54512358380669,56.896,32.567501246277104,3.479268065906164,3.9245452407947887,High Growth,High Growth
Zimbabwe,ZWE,4.04,-8.136159133332955,17.7601241720939,51.925,14.336189260877886,2.2202105070647824,4.089251871049858,Stable,Moderate Growth
